title,district_name,open_date,house_type,decoration,min_frame_area,max_frame_area,converged_rooms,tags,longitude,latitude,average_price
德信金科泊岸江宸轩,萧山,2021/04/08,住宅,精装修,89,107,3室:89-107㎡,"成熟商圈,三甲医院,视频看房,品牌房企",120.292876,30.108607,21400
国开东方锦城学府,临安,2021/03/01,住宅,毛坯,78,128,"2室:78㎡,3室:89㎡,4室:115-128㎡","公交直达,配套齐全,成熟商圈,医疗配套",119.705991,30.247343,19000
旭辉珺和府,萧山,2021/04/26,住宅,精装修,89,120,"3室:89-108㎡,4室:120㎡","特价好房,临近高速,视频看房,品牌房企",120.259397,29.981857,14600
南樾府,临安,2020/11/07,住宅,毛坯,68,73,"2室:68-73㎡,3室:68㎡,4室:72㎡","成熟商圈,亲子乐园,三甲医院,3D楼书",119.719789,30.219759,17900
赞成星谷,拱墅,2019/11/01,商业类,精装修,42,64,"1室:42㎡,2室:64㎡","公交直达,近主干道,配套齐全,购物方便",120.107638,30.326532,25000
万科大溪谷,余杭,2020/12/16,住宅,精装修,90,139,3室:97㎡,"公交直达,购物方便,娱乐丰富,医疗配套",120.001786,30.35086,20681
同协金座,江干,2020/08/01,商业类,精装修,45,73,"2室:45-60㎡,4室:73㎡","配套齐全,购物方便,三甲医院,医疗配套",120.218789,30.345555,33000
蓝城久宸里,上城,2018/12/31,商业类,精装修,255,493,"3室:257-259㎡,4室:255-274㎡,6室:493㎡","地铁沿线,公交直达,配套齐全,成熟商圈",120.192695,30.229179,68000
云悦湾,江干,2019/05/29,商业类,精装修,41,41,3室:41㎡,"地铁沿线,多轨交汇,配套齐全,购物方便",120.24866,30.305985,40000
世茂泰禾中央广场,西湖,2019/12/27,商业类,精装修,38,98,"1室:38-45㎡,2室:55㎡,3室:55-67㎡","公交直达,近主干道,配套齐全,购物方便",120.072491,30.2984,42000
万科玖望,富阳,2021/03/01,住宅,精装修,98,135,"3室:98㎡,4室:135㎡","公交直达,近主干道,购物方便,超市",119.999616,30.074198,19890
碧桂园前宸府,萧山,2020/11/28,住宅,精装修,121,139,"3室:121㎡,4室:139㎡","公交直达,近主干道,配套齐全,购物方便",120.290732,30.115997,21300
开元名城,萧山,2018/06/01,商业类,精装修,55,97,"1室:55-59㎡,2室:65-97㎡","地铁沿线,公交直达,成熟商圈,配套齐全",120.273173,30.140144,23000
世茂智慧之门,滨江,2019/01/01,写字楼,毛坯,0,0,,"地铁沿线,配套齐全,购物方便,医疗配套",120.236458,30.221034,27000
绿城九龙仓桂语朝阳,萧山,2020/06/08,别墅,毛坯,198,210,,"多轨交汇,配套齐全,购物方便,医疗配套",120.272705,30.128365,29800
中国铁建国际公馆,拱墅,2018/08/28,商业类,精装修,45,57,2室:45-57㎡,"地铁沿线,公交直达,配套齐全,购物方便",120.166507,30.335387,27000
复地壹中心,拱墅,2018/03/01,商业类,精装修,63,110,2室:63-110㎡,"地铁沿线,近主干道,配套齐全,成熟商圈",120.116095,30.324523,27000
宋都阳光国际,江干,2016/05/15,住宅,毛坯,272,452,"3室:332㎡,4室:272-452㎡","配套齐全,购物方便,医疗配套,视频看房",120.280525,30.301277,38000
泰禾杭州院子,余杭,2018/08/25,别墅,毛坯,195,350,8室:350㎡,"购物方便,娱乐丰富,医疗配套,视频看房",120.039461,30.277736,150000
中港罗兰小镇,余杭,2017/12/01,住宅,毛坯,89,109,3室:89-108㎡,"公交直达,成熟商圈,购物方便,医疗配套",119.927371,30.241774,28090
中港西湖院子,余杭,2020/06/27,别墅,毛坯,150,180,4室:150-180㎡,"公交直达,购物方便,娱乐丰富,医疗配套",119.927371,30.241774,53000
新湖香格里拉,余杭,2019/09/19,别墅,毛坯,160,268,,"公交直达,购物方便,美食云集,医疗配套",120.002657,30.35139,75000
杭州大悦城,拱墅,2019/09/30,商业,毛坯,0,0,,"地铁沿线,公交直达,配套齐全,购物方便",120.135724,30.307599,30000
富春玫瑰园,富阳,2020/06/01,别墅,毛坯,200,288,,"开发区,临近高速,成熟商圈,购物方便",120.016698,30.087278,23000
九龙仓雍景山,富阳,2019/03/01,别墅,毛坯,116,125,"3室:116㎡,4室:125㎡","多轨交汇,开发区,成熟商圈,购物方便",119.982073,30.168408,40000
浅山,淳安,2020/09/01,住宅,毛坯,70,138,"2室:70-80㎡,3室:110㎡,4室:138㎡","临近高速,3D楼书,视频看房,车位充足",119.148773,29.616195,14000
滨湖天地,临安,2021/03/08,住宅,毛坯,126,141,4室:126-141㎡,"近主干道,配套齐全,成熟商圈,医疗配套",119.742193,30.24522,22000
雨润星雨华府,临安,2020/05/02,别墅,毛坯,218,410,4室:330-360㎡,"公交直达,配套齐全,购物方便,医疗配套",119.72217,30.263349,20000
复泰雅宸华庭,余杭,2017/10/01,住宅,毛坯,145,145,4室:145㎡,"公交直达,购物方便,美食云集,医疗配套",119.76664,30.457618,13000
复泰雅宸华庭,余杭,2019/12/01,别墅,毛坯,326,326,6室:326㎡,"公交直达,近主干道,购物方便,美食云集",119.76664,30.457618,22000
万通中心,拱墅,2017/10/01,写字楼,毛坯,0,0,,"地铁沿线,配套齐全,购物方便,医疗配套",120.152953,30.314248,23000
诺德财富中心,萧山,2015/06/27,写字楼,毛坯,0,0,,"地铁沿线,公交直达,配套齐全,购物方便",120.261634,30.239885,27000
钱江浙商创投中心,西湖,2017/02/24,写字楼,毛坯,0,0,,"地铁沿线,公交直达,配套齐全,购物方便",120.114289,30.271868,30000
佳源未来府,余杭,2017/06/01,商业,毛坯,0,0,,"近主干道,成熟商圈,配套齐全,三甲医院",119.945183,30.276938,30000
钱塘ONE,西湖,2018/12/15,商业类,精装修,22,128,"1室:46㎡,2室:28-75㎡,3室:99㎡,4室:128㎡","近主干道,购物方便,超市,三甲医院",120.125087,30.155014,35000
众安恒隆广场,萧山,2017/05/01,写字楼,毛坯,0,0,,"地铁沿线,公交直达,成熟商圈,配套齐全",120.268497,30.184305,19000
金岸提香,余杭,2013/01/01,别墅,毛坯,210,240,4室:219.8-240㎡,"公交直达,成熟商圈,购物方便,医疗配套",119.94102,30.245637,32000
复泰雅宸华庭,余杭,2017/06/01,商业类,精装修,45,50,1室:45-50㎡,"公交直达,近主干道,购物方便,美食云集",119.76664,30.457618,14500
宋都时间名座,余杭,2019/11/01,商业类,精装修,39,61,"1室:39㎡,2室:39-61㎡,4室:53㎡","公交直达,配套齐全,购物方便,医疗配套",120.288423,30.411941,20000
华策中心,西湖,2017/08/05,商业类,精装修,51,81,3室:81㎡,"地铁沿线,多轨交汇,配套齐全,购物方便",120.075797,30.306125,32000
鼎和金座,余杭,2019/11/17,商业类,精装修,45,45,2室:45㎡,"公交直达,开发区,配套齐全,购物方便",120.328274,30.440827,21500
悦青蓝,余杭,2017/12/01,住宅,毛坯,87,135,"2室:87-88㎡,3室:135㎡","公交直达,临近高速,配套齐全,购物方便",119.990943,30.232592,20000
公元帝景,萧山,2018/12/01,别墅,毛坯,285,483,"4室:396㎡,5室:285-483㎡","医疗配套,视频看房,旅游地产,现房",120.345996,30.020405,20000
东海闲湖城,余杭,2018/08/18,别墅,毛坯,200,247,,"多轨交汇,公交直达,成熟商圈,配套齐全",120.001544,30.234317,30000
蓝色春江,桐庐,2018/07/01,住宅,毛坯,139,220,3室:139-220㎡,"公交直达,近主干道,配套齐全,购物方便",119.675063,29.796015,18000
泰禾野风大城小院,富阳,2020/05/01,别墅,毛坯,110,110,,"公交直达,开发区,成熟商圈,购物方便",119.971037,30.143501,22000
京港国际,萧山,2018/11/01,商业类,毛坯,188,245,3室:188-239㎡,"地铁沿线,公交直达,成熟商圈,配套齐全",120.261938,30.240822,36000
永和之星,萧山,2019/06/01,商业类,精装修,38,45,"1室:38㎡,2室:45㎡","近主干道,购物方便,美食云集,医疗配套",120.343168,30.200728,22000
富春硅谷,富阳,2018/12/10,商业类,精装修,45,45,2室:45㎡,"多轨交汇,近主干道,成熟商圈,购物方便",119.992744,30.150766,24000
雨润星雨华府,临安,2019/08/01,住宅,毛坯,89,136,3室:118-136㎡,"公交直达,配套齐全,购物方便,医疗配套",119.72217,30.263349,15600
招商越秀公园1872,江干,2020/04/08,商业,毛坯,0,0,,"地铁沿线,公交直达,配套齐全,购物方便",120.24984,30.305866,46000
东方世贸城,萧山,2018/12/23,商业,毛坯,0,0,,"购物方便,娱乐丰富,医疗配套,现房",120.316722,30.198879,17000
宋都时间名座,余杭,2018/11/30,商业,毛坯,0,0,,"公交直达,配套齐全,购物方便,医疗配套",120.288423,30.411941,21000
郡西云台,余杭,2020/07/01,别墅,精装修,200,337,4室:320㎡,"临近高速,成熟商圈,购物方便,三甲医院",120.025179,30.365076,56000
杭州大悦城,拱墅,2019/06/29,商业类,精装修,57,104,3室:82.34-104.34㎡,"地铁沿线,公交直达,配套齐全,成熟商圈",120.135724,30.307599,30000
中天珺府,临安,2021/04/14,住宅,毛坯,50,99,3室:99㎡,"近主干道,购物方便,娱乐丰富,三甲医院",119.823354,30.26932,23377
杭州壹号院,滨江,2020/06/01,住宅,精装修,267,267,5室:267㎡,"公交直达,近主干道,配套齐全,购物方便",120.239347,30.228625,48100
和家园臻园,西湖,2018/06/21,住宅,精装修,165,165,4室:165㎡,"公交直达,多轨交汇,配套齐全,成熟商圈",120.067017,30.240812,41700
万通中心,拱墅,2020/04/01,商业,毛坯,0,0,,"地铁沿线,配套齐全,购物方便,医疗配套",120.152953,30.314248,50000
盈都五角广场,钱塘新区,2020/10/01,商业类,精装修,38,52,1室:38-52㎡,"公交直达,成熟商圈,配套齐全,医疗配套",120.342652,30.316049,24500
汉港武林汇,拱墅,2018/07/29,商业类,精装修,45,75,"1室:51㎡,4室:75㎡","地铁沿线,公交直达,配套齐全,成熟商圈",120.121975,30.318805,35000
理想世纪金座,余杭,2018/05/06,商业类,精装修,49,72,"1室:49㎡,2室:63-72㎡","地铁沿线,多轨交汇,成熟商圈,配套齐全",120.298669,30.40734,26000
世包国际中心,江干,2018/06/01,写字楼,毛坯,0,0,,"地铁沿线,配套齐全,购物方便,医疗配套",120.21299,30.24301,43000
嘉丰万悦城,余杭,2018/01/01,底商,毛坯,0,0,,"低单价,近主干道,临近高速,成熟商圈",120.307155,30.467095,16000
茂宸金座,江干,2018/09/08,商业类,精装修,58,135,3室:135㎡,"地铁沿线,近主干道,成熟商圈,配套齐全",120.201425,30.279993,40000
天骄香槟郡,建德,2018/05/01,住宅,精装修,96,126,3室:96.84-126.21㎡,"公交直达,近主干道,配套齐全,购物方便",119.301642,29.491022,10200
云水山居,富阳,2020/09/01,别墅,毛坯,400,400,,"临近高速,购物方便,娱乐丰富,三甲医院",119.909025,30.120997,24600
临安宝龙广场,临安,2019/11/03,住宅,毛坯,89,130,,"公交直达,近主干道,配套齐全,购物方便",119.730838,30.255086,18000
山南印,上城,2019/07/01,写字楼,毛坯,0,0,,"地铁沿线,近主干道,配套齐全,购物方便",120.157806,30.210539,36000
奥体万科中心,萧山,2018/12/15,写字楼,毛坯,0,0,,"多轨交汇,成熟商圈,配套齐全,医疗配套",120.253028,30.253113,30000
运河万科中心,拱墅,2019/09/07,商业类,精装修,37,42,2室:37-42㎡,"地铁沿线,公交直达,成熟商圈,配套齐全",120.132915,30.332113,30000
星耀中心,滨江,2018/11/04,商业类,精装修,54,70,,"近主干道,成熟商圈,配套齐全,医疗配套",120.226406,30.207598,42000
前湾江上湾,萧山,2020/11/14,住宅,精装修,105,190,"3室:106㎡,4室:140-169㎡","开发区,购物方便,娱乐丰富,医疗配套",120.350432,30.239938,28500
璞玉公馆,江干,2017/11/01,底商,毛坯,0,0,,"地铁沿线,配套齐全,购物方便,医疗配套",120.288594,30.322423,55000
太合商业中心,拱墅,2019/02/01,商业,毛坯,0,0,,"公交直达,近主干道,配套齐全,购物方便",120.118882,30.308398,60000
富力湖滨悦居,淳安,2018/12/01,住宅,精装修,60,138,"2室:60㎡,3室:89㎡,4室:118-138㎡","临近高速,购物方便,美食云集,品牌房企",119.063391,29.642415,14000
汇铂金座,江干,2018/11/01,商业类,毛坯,33,65,"1室:33㎡,2室:46-65㎡","地铁沿线,多轨交汇,配套齐全,购物方便",120.249996,30.306023,35000
招商I-Park,江干,2018/10/01,底商,毛坯,0,0,,"地铁沿线,多轨交汇,配套齐全,购物方便",120.249996,30.306023,55000
宋都如意春江,富阳,2020/09/12,别墅,毛坯,128,136,4室:128-136㎡,"开发区,近主干道,成熟商圈,购物方便",120.038582,30.087785,17200
锦上桃源,拱墅,2018/10/27,商业类,精装修,34,41,2室:39-41㎡,"配套齐全,购物方便,三甲医院,医疗配套",120.1764,30.350171,33000
越秀星悦城,临安,2020/10/01,住宅,毛坯,93,125,,"公交直达,购物方便,娱乐丰富,医疗配套",119.829833,30.270883,23155
融创金成璞樾大观,临安,2020/06/13,住宅,精装修,94,128,"3室:94-98㎡,4室:126-128㎡","公交直达,近主干道,购物方便,娱乐丰富",119.733336,30.277062,19000
佳源优樾,临安,2019/05/30,住宅,毛坯,89,132,4室:124-132㎡,"公交直达,近主干道,配套齐全,购物方便",119.728132,30.227783,18500
中交财富中心,拱墅,2020/04/01,写字楼,毛坯,0,0,,"公交直达,近主干道,配套齐全,购物方便",120.129434,30.313615,23000
东部之星,钱塘新区,2018/11/17,商业类,毛坯,58,58,2室:58㎡,"近主干道,配套齐全,购物方便,医疗配套",120.359087,30.316738,18000
阳光城上林湖,富阳,2020/05/01,别墅,毛坯,140,140,3室:140㎡,"近主干道,成熟商圈,购物方便,国际医疗",119.973473,30.159807,25500
万融城,拱墅,2018/11/01,写字楼,毛坯,0,0,,"近主干道,成熟商圈,配套齐全,医疗配套",120.132818,30.340049,24000
杭房揽翠,西湖,2019/03/23,商业类,精装修,45,75,2室:58㎡,"地铁沿线,公交直达,成熟商圈,配套齐全",120.137904,30.297307,40000
天骄香槟郡,建德,2018/08/01,别墅,毛坯,168,240,"3室:168.77㎡,4室:240.88㎡","公交直达,近主干道,配套齐全,购物方便",119.301642,29.491022,17500
绿城云栖桃花源,富阳,2020/04/01,别墅,精装修,185,210,"4室:210㎡,5室:209㎡","公交直达,近主干道,购物方便,超市",119.92119,30.127552,39800
华夏之心,余杭,2020/07/25,商业类,精装修,42,70,1室:42-70㎡,"地铁沿线,多轨交汇,成熟商圈,配套齐全",120.011676,30.289268,26000
浙大网新银湖科技园,富阳,2018/06/01,写字楼,毛坯,0,0,,"多轨交汇,公交直达,购物方便,美食云集",119.989047,30.14527,13500
中天万科启宸,临安,2020/06/03,住宅,精装修,97,130,"3室:100-104㎡,4室:130㎡","配套齐全,购物方便,医疗配套,视频看房",119.715406,30.243344,21000
浙大网新银湖科技园,富阳,2019/06/02,商业类,精装修,42,42,2室:42㎡,"多轨交汇,公交直达,购物方便,美食云集",119.989047,30.14527,21000
旭辉东原国滨府,萧山,2018/12/01,商业类,毛坯,52,60,2室:52-60㎡,"地铁沿线,公交直达,配套齐全,购物方便",120.290927,30.187206,34000
恒大林溪郡,建德,2020/11/17,住宅,毛坯,118,122,"3室:118㎡,4室:118㎡","购物方便,娱乐丰富,医疗配套,品牌房企",119.300106,29.463171,12000
万科公望,富阳,2020/03/01,别墅,精装修,231,244,,"临近高速,购物方便,娱乐丰富,医疗配套",120.027944,30.08721,50200
奥克斯时代未来之城,余杭,2019/05/01,写字楼,毛坯,0,0,,"地铁沿线,公交直达,配套齐全,购物方便",120.004766,30.283014,27000
祥生云湖城,富阳,2020/09/01,住宅,精装修,93,119,"3室:93-98㎡,4室:119㎡","近主干道,临近高速,成熟商圈,购物方便",119.981695,30.16514,21400
山水时代,萧山,2018/12/13,商业类,精装修,58,218,"2室:58㎡,3室:70㎡,4室:67-78㎡,8室:134-218㎡","地铁沿线,多轨交汇,成熟商圈,配套齐全",120.254636,30.246484,47000
中豪湘和国际,江干,2019/04/20,商业类,精装修,36,98,2室:36-98㎡,"地铁沿线,公交直达,配套齐全,成熟商圈",120.227005,30.281935,31000
万科西望,临安,2020/01/01,别墅,精装修,184,184,5室:184㎡,"成熟商圈,配套齐全,医疗配套,品牌房企",119.726131,30.250196,30412
励骏花园,桐庐,2018/08/01,住宅,毛坯,210,210,4室:210.03㎡,"公交直达,近主干道,成熟商圈,配套齐全",119.70123,29.793823,19000
金茂万科新都会,富阳,2020/10/25,住宅,精装修,95,135,4室:135㎡,"近主干道,临近高速,购物方便,娱乐丰富",119.93762,30.097913,21000
春江山居,桐庐,2021/04/22,住宅,毛坯,49,89,"1室:49.81㎡,2室:88.88㎡,3室:89.76㎡","近主干道,购物方便,美食云集,视频看房",119.65218,29.770526,11000
星光荟,西湖,2021/04/01,商业类,精装修,49,52,1室:50㎡,"配套齐全,购物方便,医疗配套,视频看房",120.082264,30.165786,33000
禹洲滨澜铭座,西湖,2019/09/20,商业类,精装修,40,74,1室:40㎡,"公交直达,临近高速,购物方便,超市",120.120888,30.154475,24000
金马高悦府,桐庐,2020/07/18,住宅,精装修,85,112,"3室:89㎡,4室:112㎡","公交直达,开发区,购物方便,娱乐丰富",119.731509,29.815642,17000
富力御江山小区,建德,2021/04/17,住宅,精装修,77,127,"2室:77㎡,3室:88-104㎡,4室:127㎡","购物方便,娱乐丰富,医疗配套,品牌房企",119.27346,29.43476,7700
汇高栢悦中心,余杭,2019/12/01,写字楼,毛坯,0,0,,"多轨交汇,近主干道,成熟商圈,配套齐全",120.290197,30.44035,16000
祥生云境,西湖,2020/06/07,住宅,精装修,105,140,4室:140㎡,"多轨交汇,配套齐全,购物方便,医疗配套",120.100119,30.169671,38600
广宇东港空间,江干,2019/04/01,商业类,精装修,48,113,"2室:90㎡,4室:113㎡","地铁沿线,多轨交汇,配套齐全,购物方便",120.212559,30.307306,35000
雍澜府,余杭,2019/10/25,住宅,精装修,95,128,,"公交直达,近主干道,配套齐全,购物方便",120.191527,30.468503,20500
华策中心,西湖,2019/07/01,写字楼,毛坯,0,0,,"地铁沿线,近主干道,配套齐全,购物方便",120.075797,30.306125,25000
柳溪湾,临安,2020/04/01,住宅,毛坯,38,120,"1室:38㎡,2室:64-94㎡,3室:120㎡","低单价,近主干道,娱乐丰富,医疗配套",119.255186,30.123274,9700
联发藏珑大境,余杭,2020/10/06,别墅,毛坯,123,204,5室:153-167㎡,"地铁沿线,配套齐全,购物方便,医疗配套",120.05415,30.377172,45000
美晟府,临安,2020/05/04,住宅,毛坯,97,139,"3室:97㎡,4室:129-139㎡","近主干道,配套齐全,成熟商圈,医疗配套",119.722282,30.225874,16500
融创金成璞樾大观,临安,2020/08/01,别墅,毛坯,215,388,,"公交直达,近主干道,购物方便,娱乐丰富",119.733336,30.277062,21500
运河万科中心,拱墅,2019/08/19,写字楼,毛坯,0,0,,"地铁沿线,公交直达,成熟商圈,配套齐全",120.132915,30.332113,22000
中国中铁溪畔云璟府,富阳,2020/12/01,住宅,精装修,88,126,4室:117-126㎡,"多轨交汇,近主干道,成熟商圈,购物方便",119.943229,30.094284,21300
中城汇MIDTOWN,拱墅,2020/05/01,商业类,精装修,36,40,2室:36-40㎡,"地铁沿线,临近高速,成熟商圈,配套齐全",120.122235,30.33279,35000
贤辰府,富阳,2020/03/01,住宅,毛坯,115,131,"3室:115㎡,4室:128-131㎡","公交直达,多轨交汇,配套齐全,成熟商圈",119.732034,29.97788,12500
紫荆辰光,西湖,2019/11/25,商业类,精装修,39,57,2室:39-54㎡,"配套齐全,成熟商圈,医疗配套,视频看房",120.107237,30.275657,43000
新视界公寓,富阳,2020/07/01,住宅,精装修,95,125,"3室:95㎡,4室:125㎡","公交直达,近主干道,成熟商圈,购物方便",119.940241,30.101005,20800
奥克斯金宸玖和府,萧山,2021/01/01,住宅,精装修,139,139,4室:139㎡,"近主干道,开发区,购物方便,娱乐丰富",120.314262,30.182583,35000
绿地亚洲公园,临安,2020/09/09,别墅,毛坯,116,202,6室:202㎡,"近主干道,亲子乐园,品牌房企,科技住宅",119.788056,30.268441,21000
九天泽一国际,江干,2019/11/02,商业类,精装修,32,44,"2室:44㎡,3室:32㎡","地铁沿线,多轨交汇,配套齐全,购物方便",120.286579,30.322181,35000
世宸名府,萧山,2020/10/25,别墅,毛坯,166,166,,"近主干道,成熟商圈,配套齐全,医疗配套",120.307382,30.184205,51000
世宸名府,萧山,2019/10/01,商业类,精装修,38,38,2室:38㎡,"近主干道,成熟商圈,配套齐全,医疗配套",120.307382,30.184205,29000
四季都会,余杭,2021/02/07,住宅,精装修,89,125,,"多轨交汇,公交直达,配套齐全,购物方便",120.307689,30.451658,20800
华侨城芳菲与城,江干,2019/11/01,别墅,精装修,154,157,4室:156㎡,"公交直达,成熟商圈,配套齐全,医疗配套",120.227533,30.368315,41419
华侨城芳菲与城,江干,2021/03/01,住宅,精装修,97,137,"3室:97-109㎡,4室:130-137㎡","公交直达,配套齐全,购物方便,医疗配套",120.227533,30.368315,28600
仁恒祥生珊瑚世纪雅园,西湖,2021/03/01,住宅,精装修,105,145,,"近主干道,配套齐全,购物方便,医疗配套",120.096454,30.167703,37846
仁恒祥生珊瑚世纪雅园,西湖,2021/03/01,别墅,精装修,166,186,,"近主干道,配套齐全,购物方便,医疗配套",120.096454,30.167703,55414
融创金成杭源里,拱墅,2020/09/25,住宅,精装修,108,139,"3室:108㎡,4室:138-139㎡","近主干道,成熟商圈,配套齐全,三甲医院",120.157075,30.306947,48000
融创港印中心,萧山,2019/10/01,商业类,精装修,40,40,2室:40㎡,"临近高速,成熟商圈,购物方便,医疗配套",120.469088,30.252111,22000
融创港印中心,萧山,2019/12/01,底商,毛坯,0,0,,"近主干道,成熟商圈,购物方便,医疗配套",120.469088,30.252111,35000
龙湖紫金上城,西湖,2020/03/31,商业类,精装修,38,68,"2室:38㎡,3室:38-48㎡,4室:68㎡","地铁沿线,公交直达,配套齐全,购物方便",120.098686,30.326584,36000
杭州富力中心,余杭,2019/09/28,商业类,精装修,41,88,2室:61.66-88.48㎡,"地铁沿线,近主干道,成熟商圈,配套齐全",120.00287,30.280188,33000
杭州富力中心,余杭,2020/06/26,住宅,精装修,115,160,"3室:139㎡,4室:115-160㎡","地铁沿线,近主干道,成熟商圈,配套齐全",120.00287,30.280188,34500
地铁万科天空之城,余杭,2021/02/01,住宅,精装修,93,168,,"多轨交汇,公交直达,配套齐全,购物方便",120.044228,30.302823,39620
星光荟,西湖,2020/04/18,商业,毛坯,0,0,,"近主干道,配套齐全,购物方便,医疗配套",120.082264,30.165786,25000
恒大御泉四季,建德,2020/11/01,住宅,精装修,50,136,"1室:50-51㎡,2室:80㎡,3室:112-120㎡,4室:118㎡","近主干道,购物方便,医疗配套,品牌房企",119.227939,29.386634,8000
国宸府,萧山,2020/12/18,住宅,精装修,99,143,3室:99-119㎡,"地铁沿线,开发区,成熟商圈,配套齐全",120.290543,30.1387,25600
紫荆辰光,西湖,2019/10/01,商业,毛坯,0,0,,"近主干道,配套齐全,购物方便,医疗配套",120.107237,30.275657,79000
悦湖湾花园,淳安,2019/06/30,住宅,毛坯,136,139,4室:136-139㎡,"临近高速,成熟商圈,购物方便,三甲医院",119.155107,29.610777,14300
中建锦绣越府,余杭,2020/07/02,别墅,毛坯,160,180,"3室:160㎡,4室:160-180㎡","近主干道,成熟商圈,配套齐全,医疗配套",120.268416,30.395343,42000
高科商业中心,富阳,2019/12/01,商业类,毛坯,36,36,1室:36㎡,"公交直达,近主干道,购物方便,娱乐丰富",119.904297,30.090528,15000
融创望潮印一期（云潮府）,萧山,2019/06/01,商业类,精装修,34,46,2室:34-46㎡,"近主干道,临近高速,购物方便,美食云集",120.352012,30.235624,24500
北辰奥园,萧山,2019/05/23,底商,毛坯,0,0,,"公交直达,近主干道,购物方便,娱乐丰富",120.253097,30.13765,27000
竹悦山水轩,临安,2020/11/01,住宅,毛坯,59,89,"2室:59.5㎡,3室:78.6-89.5㎡","公交直达,临近高速,超市,银行",119.363667,30.050266,11500
首创禧瑞江南,余杭,2020/07/14,住宅,精装修,93,115,4室:115㎡,"地铁沿线,公交直达,配套齐全,成熟商圈",120.28508,30.394272,26600
钱塘ONE,西湖,2019/07/01,底商,毛坯,0,0,,"购物方便,超市,贴心物业,现房",120.125087,30.155014,43750
富春一品,建德,2019/04/28,住宅,毛坯,88,135,2室:88.33㎡,"近主干道,购物方便,娱乐丰富,医疗配套",119.545423,29.621639,10000
坤生栖悦,西湖,2019/09/07,商业类,精装修,27,48,"2室:28-48.52㎡,3室:44.91㎡","公交直达,近主干道,配套齐全,购物方便",120.093801,30.141179,29000
云安小镇,临安,2019/08/01,商业类,毛坯,52,63,"1室:52㎡,2室:63㎡","公交直达,近主干道,超市,3D楼书",119.767731,30.26541,16500
理想银泰城,余杭,2018/09/01,写字楼,毛坯,0,0,,"地铁沿线,公交直达,配套齐全,购物方便",120.309716,30.411395,21000
嘉裕天城,萧山,2020/12/01,住宅,精装修,89,138,"3室:89-113㎡,4室:116-138㎡","购物方便,娱乐丰富,医疗配套,视频看房",120.414247,30.185199,19500
信达东莱府,江干,2021/04/01,住宅,精装修,89,132,4室:132㎡,"地铁沿线,多轨交汇,配套齐全,成熟商圈",120.233961,30.305202,46500
九龙仓华发天荟,拱墅,2021/01/17,住宅,精装修,119,188,,"地铁沿线,多轨交汇,成熟商圈,配套齐全",120.123161,30.308934,54264
地铁万科杭行道,余杭,2019/09/26,商业类,毛坯,27,35,"1室:28㎡,2室:27-35㎡","公交直达,近主干道,成熟商圈,配套齐全",120.123982,30.344178,31000
环翼城,江干,2019/09/28,商业类,精装修,42,67,"2室:67㎡,3室:42㎡","地铁沿线,公交直达,配套齐全,成熟商圈",120.229122,30.299768,40000
世茂泰禾中央广场,西湖,2020/11/01,商业,毛坯,0,0,,"公交直达,近主干道,配套齐全,购物方便",120.072491,30.2984,90000
中梁云都汇·云玺,西湖,2020/05/04,商业类,精装修,34,43,"1室:34㎡,2室:40㎡","公交直达,近主干道,配套齐全,购物方便",120.096646,30.143287,29000
铂瑞悦府,江干,2019/10/01,商业类,精装修,40,55,"1室:40㎡,2室:55㎡","多轨交汇,配套齐全,购物方便,三甲医院",120.226981,30.305437,36000
绿城天语山居,临安,2020/06/06,住宅,毛坯,101,139,4室:130-139㎡,"公交直达,临近高速,配套齐全,购物方便",119.71497,30.25435,15000
中梁御府,余杭,2020/04/06,住宅,精装修,89,89,3室:89㎡,"公交直达,成熟商圈,购物方便,医疗配套",119.970924,30.23978,24900
中梁御府,余杭,2020/06/08,别墅,毛坯,147,167,5室:167㎡,"公交直达,成熟商圈,购物方便,医疗配套",119.970924,30.23978,38000
傲旋城,滨江,2019/11/01,住宅,毛坯,88,428,"1室:89.04㎡,2室:88.56-89.87㎡","公交直达,临近高速,成熟商圈,配套齐全",120.194409,30.18761,45000
云集金座,临安,2020/04/03,商业类,毛坯,34,42,"2室:42.75㎡,3室:34.24㎡","公交直达,临近高速,购物方便,美食云集",119.790954,30.322213,12000
融创森与海之城,萧山,2021/04/16,住宅,精装修,88,139,"3室:97-109㎡,4室:121㎡","公交直达,临近高速,购物方便,娱乐丰富",120.253965,29.999689,14000
印象苕溪城,临安,2020/05/30,住宅,毛坯,89,140,"3室:101㎡,4室:128-140㎡","多轨交汇,近主干道,配套齐全,成熟商圈",119.711691,30.242268,19000
金科碧桂园博翠府,拱墅,2019/08/23,住宅,精装修,122,139,"3室:122-137㎡,4室:129-139㎡","公交直达,近主干道,配套齐全,购物方便",120.147908,30.377417,30700
和家园雍园,西湖,2018/07/28,别墅,精装修,181,183,5室:181-183㎡,"近主干道,配套齐全,购物方便,医疗配套",120.069787,30.234612,55000
融创东南海,萧山,2018/03/17,商业类,精装修,50,50,2室:50㎡,"公交直达,购物方便,娱乐丰富,医疗配套",120.338821,30.20361,23000
云悦湾,江干,2020/06/01,住宅,精装修,0,0,,"地铁沿线,公交直达,配套齐全,购物方便",120.24866,30.305985,40230
金隅中铁诺德都会森林,江干,2020/05/21,住宅,精装修,124,189,"3室:124㎡,4室:143-189㎡","地铁沿线,近主干道,成熟商圈,配套齐全",120.218501,30.28365,59200
首开东城金茂府,江干,2020/05/01,住宅,精装修,120,165,"3室:120㎡,4室:145-165㎡","公交直达,配套齐全,购物方便,医疗配套",120.235048,30.306312,47170
金地宋都都会钱塘,钱塘新区,2019/10/13,住宅,毛坯,89,125,"3室:89㎡,4室:125㎡","公交直达,配套齐全,购物方便,医疗配套",120.394767,30.335762,24652
碧桂园良樾,余杭,2019/01/08,别墅,毛坯,139,156,"3室:139㎡,4室:156㎡","多轨交汇,近主干道,成熟商圈,配套齐全",119.979835,30.393591,20358
滨江碧桂园翡翠江南,萧山,2019/04/08,住宅,精装修,127,140,4室:127-140㎡,"地铁沿线,公交直达,成熟商圈,配套齐全",120.289064,30.221885,33300
滨江碧桂园卧城印象,萧山,2018/11/28,住宅,精装修,118,118,4室:118㎡,"地铁沿线,公交直达,配套齐全,购物方便",120.256102,30.137672,25200
融创金成江南府,余杭,2019/06/01,别墅,毛坯,148,237,"3室:148㎡,5室:237㎡","多轨交汇,公交直达,配套齐全,购物方便",119.973597,30.249253,38588
碧桂园越溪府,萧山,2019/04/01,别墅,毛坯,218,218,4室:218㎡,"公交直达,近主干道,成熟商圈,配套齐全",120.255725,30.060829,25000
新城璟隽公馆,萧山,2018/07/28,商业类,精装修,30,40,"1室:30-40㎡,2室:40㎡","临近高速,成熟商圈,配套齐全,医疗配套",120.294866,30.19836,23000
鸿盛家园,临安,2019/01/01,住宅,毛坯,129,138,3室:129-138㎡,"公交直达,配套齐全,购物方便,医疗配套",119.721824,30.250528,15000
大华春山明月,临安,2020/07/11,别墅,毛坯,139,162,"3室:139㎡,4室:159-162㎡","公交直达,近主干道,购物方便,娱乐丰富",119.816564,30.265298,27741
云水山居,富阳,2020/09/01,住宅,毛坯,146,156,"3室:146㎡,4室:156㎡","临近高速,购物方便,娱乐丰富,贴心物业",119.909025,30.120997,12600
朗诗枫荟,余杭,2019/06/01,商业类,精装修,40,62,"1室:40㎡,2室:40㎡,4室:62㎡","公交直达,配套齐全,购物方便,医疗配套",120.269134,30.430336,21000
绿城西溪云庐,西湖,2019/03/24,别墅,精装修,216,305,"4室:216-279.95㎡,5室:305.29㎡","配套齐全,购物方便,医疗配套,品牌房企",120.07478,30.261544,100000
滨江新希望新城未来海岸,钱塘新区,2019/05/28,别墅,毛坯,195,210,5室:195-210㎡,"开发区,近主干道,购物方便,娱乐丰富",120.539565,30.289959,32000
德信碧桂园印江南,萧山,2019/06/08,住宅,毛坯,120,132,4室:120-132㎡,"公交直达,近主干道,配套齐全,购物方便",120.262108,30.137726,26318
绿地华家池印,江干,2018/01/01,住宅,精装修,380,380,6室:380㎡,"地铁沿线,配套齐全,购物方便,医疗配套",120.203733,30.279915,56000
碧桂园东旭府,萧山,2018/08/01,住宅,精装修,89,89,3室:89㎡,"公交直达,购物方便,娱乐丰富,医疗配套",120.200829,30.089872,18156
润东府,钱塘新区,2018/07/01,住宅,毛坯,0,0,,,120.598898,30.298517,11500
德信时代之心,滨江,2018/07/01,商业类,精装修,42,65,"1室:42㎡,2室:42-53㎡,3室:65㎡","近主干道,成熟商圈,配套齐全,医疗配套",120.206586,30.187762,40000
三湘印象森林海尚,江干,2019/09/21,住宅,精装修,89,139,"2室:89㎡,3室:113-139㎡","地铁沿线,临近高速,配套齐全,购物方便",120.236719,30.305111,45800
绿城九龙仓桂语朝阳,萧山,2019/12/23,住宅,精装修,88,138,"3室:88-114㎡,4室:133-138㎡","多轨交汇,配套齐全,购物方便,医疗配套",120.272705,30.128365,29800
茂宸金座,江干,2016/09/15,住宅,精装修,220,220,4室:220.02㎡,"地铁沿线,临近高速,配套齐全,购物方便",120.201425,30.279993,70000
中栋国际,萧山,2014/11/16,住宅,毛坯,50,192,"1室:50-56㎡,2室:74-78㎡,3室:130-192㎡","地铁沿线,公交直达,配套齐全,购物方便",120.242229,30.201759,35000
新天地中心,下城,2018/08/11,商业类,精装修,55,130,"2室:55㎡,3室:130㎡","成熟商圈,配套齐全,医疗配套,视频看房",120.188507,30.332694,29000
恒大城市之光,滨江,2019/11/17,住宅,毛坯,89,89,2室:89㎡,"公交直达,临近高速,配套齐全,购物方便",120.192177,30.17762,31000
华元西溪欢乐城,余杭,2018/03/09,商业类,精装修,53,53,1室:53.67㎡,"公交直达,近主干道,配套齐全,购物方便",120.019097,30.246984,40000
东海水景城,余杭,2018/11/02,住宅,毛坯,129,129,4室:129㎡,"地铁沿线,多轨交汇,成熟商圈,配套齐全",120.301667,30.406373,23740
天润商业中心,萧山,2018/09/01,商业类,精装修,51,90,"2室:51㎡,3室:65㎡,4室:90㎡","地铁沿线,公交直达,配套齐全,购物方便",120.266368,30.181901,27000
湖景居,钱塘新区,2020/12/30,住宅,毛坯,82,128,"2室:82㎡,3室:89-128㎡","地铁沿线,配套齐全,购物方便,医疗配套",120.322543,30.309734,31500
潮闻天下,钱塘新区,2018/12/01,别墅,毛坯,180,280,6室:180-280㎡,"开发区,购物方便,美食云集,医疗配套",120.422053,30.293017,27000
信融御金台,萧山,2016/04/01,商业类,毛坯,415,418,6室:415-418㎡,"地铁沿线,公交直达,配套齐全,购物方便",120.248074,30.243816,31280
嘉和银领时代,余杭,2016/03/20,别墅,毛坯,350,350,5室:350㎡,"公交直达,配套齐全,购物方便,医疗配套",120.268636,30.401962,21000
科尔世纪外滩,萧山,2016/09/20,别墅,毛坯,325,373,"4室:325-370㎡,5室:335㎡,6室:373㎡","公交直达,购物方便,娱乐丰富,现房",120.315752,30.275092,45000
光明尚海湾,萧山,2018/11/01,住宅,毛坯,88,130,"3室:88-89㎡,4室:130㎡","公交直达,配套齐全,购物方便,医疗配套",120.286396,30.140425,22799
金铂湾,滨江,2016/07/16,商业类,毛坯,88,88,2室:88㎡,"地铁沿线,公交直达,配套齐全,购物方便",120.215981,30.220243,40000
潮闻天下,钱塘新区,2020/04/05,住宅,毛坯,83,132,"3室:83-88㎡,4室:123-132㎡","临近高速,购物方便,美食云集,医疗配套",120.422053,30.293017,13500
天地墅园,萧山,2018/03/01,别墅,毛坯,300,380,"4室:300㎡,5室:338-380㎡","地铁沿线,公交直达,配套齐全,购物方便",120.286763,30.120884,27000
梦溪东明山居,余杭,2016/11/30,别墅,毛坯,275,600,"3室:275㎡,5室:502㎡,6室:600㎡","开发区,临近高速,成熟商圈,菜市场",120.013086,30.440563,24000
宋都时间国际,江干,2014/12/21,写字楼,毛坯,0,0,,"公交直达,配套齐全,购物方便,医疗配套",120.229411,30.310579,23000
绿野御墅,余杭,2012/08/02,别墅,毛坯,395,501,"5室:417-466㎡,6室:411-501㎡,10室:395㎡","多轨交汇,公交直达,购物方便,娱乐丰富",120.011803,30.211209,35280
西溪智慧健康谷,余杭,2017/03/01,商业类,毛坯,43,49,1室:43.49-49.7㎡,"地铁沿线,配套齐全,购物方便,医疗配套",120.019922,30.289914,25000
金骏大厦,江干,2017/04/01,写字楼,毛坯,0,0,,"地铁沿线,成熟商圈,配套齐全,医疗配套",120.220255,30.280583,28000
青山湖玫瑰园,临安,2020/09/11,别墅,毛坯,225,225,4室:225㎡,"购物方便,娱乐丰富,低密居所,车位充足",119.803896,30.260657,28344
南洋名都,临安,2016/11/19,住宅,毛坯,101,134,"2室:101㎡,3室:116-134㎡","公交直达,近主干道,成熟商圈,配套齐全",119.703094,30.222904,15289
万科君望,富阳,2019/06/01,别墅,毛坯,164,240,"3室:164㎡,4室:177-240㎡","公交直达,购物方便,美食云集,品牌房企",120.004449,30.078641,24500
绿城曼陀花园,临安,2020/08/16,别墅,毛坯,0,0,,"美食云集,超市,现房,车位充足",119.767422,30.244291,25126
澳海澜庭,富阳,2019/11/01,别墅,毛坯,76,123,"2室:76-81㎡,3室:123㎡","近主干道,临近高速,贴心物业,健身跑道",119.811138,30.010224,9486
杭州港龙城,江干,2016/03/18,商业,毛坯,0,0,,"地铁沿线,多轨交汇,配套齐全,购物方便",120.23119,30.298443,25000
玲珑府,滨江,2014/10/01,商业,毛坯,168,168,0室:168.9㎡,"地铁沿线,公交直达,成熟商圈,配套齐全",120.232076,30.189648,35000
金色和庄,钱塘新区,2019/10/01,住宅,毛坯,88,89,3室:88-89㎡,"开发区,配套齐全,购物方便,医疗配套",120.461597,30.307809,12000
雷威沁园,临安,2018/10/01,住宅,毛坯,89,89,3室:89㎡,"公交直达,配套齐全,购物方便,医疗配套",119.725581,30.252478,16396
阳光城西郊半岛,富阳,2020/09/26,住宅,精装修,97,140,"2室:140㎡,3室:97-123㎡","成熟商圈,购物方便,医疗配套,品牌房企",119.991071,30.064468,21100
滨江金茂府,滨江,2018/10/01,住宅,毛坯,188,188,4室:188㎡,"地铁沿线,公交直达,配套齐全,购物方便",120.225293,30.222372,65981
中旅城仕公馆,江干,2017/04/01,商业,毛坯,0,0,,"公交直达,成熟商圈,配套齐全,医疗配套",120.222839,30.352837,30000
新天地G193广场,下城,2016/06/01,商业,毛坯,0,0,,"公交直达,成熟商圈,配套齐全,医疗配套",120.185655,30.330928,30000
东海闲湖城,余杭,2018/09/25,住宅,毛坯,118,118,3室:118㎡,"公交直达,成熟商圈,配套齐全,三甲医院",120.001544,30.234317,18928
英冠乐创城,萧山,2017/06/11,商业类,精装修,43,43,2室:43㎡,"地铁沿线,配套齐全,购物方便,医疗配套",120.255341,30.213202,40000
玖玖国际财富中心,余杭,2018/10/01,商业,毛坯,0,0,,"多轨交汇,公交直达,成熟商圈,配套齐全",120.292216,30.439488,40000
碧桂园深蓝国际,萧山,2018/07/28,商业类,精装修,86,273,"2室:86㎡,3室:113㎡,4室:273㎡","地铁沿线,近主干道,成熟商圈,配套齐全",120.241822,30.241909,40000
金色黎明三期,江干,2018/03/01,商业,毛坯,0,0,,"地铁沿线,配套齐全,购物方便,医疗配套",120.229076,30.315417,35000
华元天鹅堡,西湖,2010/07/09,商业类,精装修,51,128,"1室:51.96-128㎡,2室:123㎡","近主干道,配套齐全,购物方便,医疗配套",120.112017,30.270039,27000
新天地金色时光,江干,2018/12/01,住宅,毛坯,68,130,"2室:68-72㎡,3室:89㎡,4室:120-130㎡","地铁沿线,临近高速,配套齐全,购物方便",120.202143,30.307871,34742
雅居乐国际花园,余杭,2018/10/01,商业,毛坯,0,0,,"配套齐全,购物方便,医疗配套,视频看房",119.985905,30.237546,22000
金隅空港公馆,钱塘新区,2017/06/09,商业类,精装修,52,55,1室:52-55㎡,"公交直达,购物方便,娱乐丰富,医疗配套",120.377468,30.276502,20000
天达广场,江干,2016/10/22,写字楼,毛坯,0,0,,"地铁沿线,公交直达,配套齐全,购物方便",120.251559,30.297878,14500
三花国际,江干,2017/07/01,商业类,精装修,52,52,2室:52㎡,"地铁沿线,配套齐全,购物方便,医疗配套",120.230362,30.301099,42000
绿城西溪世纪广场,西湖,2015/09/20,写字楼,毛坯,0,0,,"地铁沿线,多轨交汇,配套齐全,购物方便",120.077409,30.299491,45000
千岛湖嘉苑,淳安,2018/11/01,住宅,精装修,94,143,3室:94-143㎡,"近主干道,配套齐全,购物方便,医疗配套",119.06046,29.611651,14000
钱江西溪和景,西湖,2017/10/08,写字楼,毛坯,0,0,,"配套齐全,购物方便,医疗配套,现房",120.113467,30.27055,28000
富阳财富中心,富阳,2014/01/08,写字楼,毛坯,0,0,,"近主干道,临近高速,成熟商圈,配套齐全",119.953855,30.071189,17500
昆盛肖邦,江干,2016/12/01,商业,毛坯,0,0,,"地铁沿线,成熟商圈,配套齐全,医疗配套",120.278625,30.330196,35000
英冠乐创城,萧山,2018/03/01,商业,毛坯,0,0,,"地铁沿线,近主干道,配套齐全,购物方便",120.255341,30.213202,32000
富春新天地,富阳,2018/12/03,商业类,精装修,36,47,"1室:40-47㎡,2室:36㎡","公交直达,开发区,配套齐全,购物方便",119.947237,30.081361,25000
御湖公馆,萧山,2018/05/16,商业类,毛坯,84,210,"2室:84㎡,3室:125㎡,4室:136-210㎡,5室:150.71㎡","地铁沿线,公交直达,配套齐全,购物方便",120.272927,30.127482,21000
西溪十九府,西湖,2019/09/01,商业类,毛坯,220,355,4室:220-355㎡,"公交直达,购物方便,娱乐丰富,医疗配套",120.036639,30.217824,21000
宝嘉誉府,西湖,2017/07/01,商业,毛坯,0,0,,"地铁沿线,公交直达,配套齐全,购物方便",120.089846,30.319632,40000
天阳武林邸,拱墅,2017/09/01,商业,毛坯,0,0,,"地铁沿线,公交直达,成熟商圈,配套齐全",120.127036,30.313674,80000
钱塘航空大厦,江干,2017/06/01,商业类,精装修,110,140,"3室:110㎡,4室:140㎡","地铁沿线,公交直达,配套齐全,购物方便",120.215114,30.243317,35000
景瑞阳光城法兰公园,余杭,2018/10/23,住宅,精装修,87,150,"3室:87-107㎡,4室:150㎡","公交直达,配套齐全,购物方便,医疗配套",120.294255,30.443902,18960
中欧城,桐庐,2018/09/01,商业类,精装修,47,47,2室:47㎡,"公交直达,配套齐全,购物方便,医疗配套",119.717662,29.807008,15000
碧桂园越溪府,萧山,2018/10/20,住宅,精装修,121,121,3室:121㎡,"公交直达,配套齐全,购物方便,医疗配套",120.255725,30.060829,15338
西溪智慧健康谷,余杭,2017/10/31,商业,毛坯,0,0,,"地铁沿线,配套齐全,购物方便,医疗配套",120.019922,30.289914,40000
易辰江南大院,临安,2018/09/30,别墅,毛坯,138,180,"4室:138-160㎡,5室:180㎡","超市,现房,低密居所,天然氧吧",119.776769,30.27512,26587
绿城桃李春风,临安,2018/11/24,别墅,精装修,145,190,"3室:145-149㎡,4室:162-190㎡","超市,亲子乐园,医疗配套,品牌房企",119.800965,30.282052,49861
中欧城,桐庐,2017/11/30,商业,毛坯,0,0,,"公交直达,近主干道,成熟商圈,配套齐全",119.717662,29.807008,25000
璞玉公馆,江干,2018/11/01,商业类,毛坯,48,48,2室:48㎡,"地铁沿线,临近高速,配套齐全,购物方便",120.288594,30.322423,34000
华瑞中心,萧山,2017/08/01,商业类,毛坯,140,140,3室:140㎡,"地铁沿线,公交直达,成熟商圈,配套齐全",120.274228,30.201861,24000
O纪元,萧山,2018/05/01,商业类,精装修,43,56,"1室:43-48㎡,2室:46-56㎡","多轨交汇,公交直达,成熟商圈,配套齐全",120.256149,30.243348,45000
东方铭楼,钱塘新区,2017/05/01,商业,毛坯,0,0,,"地铁沿线,公交直达,配套齐全,购物方便",120.339871,30.314738,25000
德信杭州之翼,江干,2018/01/01,商业类,精装修,0,0,,"多轨交汇,配套齐全,购物方便,医疗配套",120.229515,30.300742,32000
复地壹中心,拱墅,2018/12/01,商业,毛坯,0,0,,"近主干道,自持商业",120.116095,30.324523,50000
力雅广场,桐庐,2018/05/01,商业类,精装修,46,46,"1室:46㎡,2室:46㎡","公交直达,近主干道,配套齐全,购物方便",119.680133,29.813522,17500
朗诗乐府,下城,2018/06/26,住宅,精装修,0,0,,"公交直达,配套齐全,购物方便,医疗配套",120.190506,30.302486,42000
北辰国颂府,萧山,2018/09/18,住宅,毛坯,0,0,,"地铁沿线,公交直达,配套齐全,购物方便",120.262249,30.184059,36700
星耀星澜之城,滨江,2018/01/01,商业类,精装修,0,0,,"地铁沿线,配套齐全,购物方便,医疗配套",120.228787,30.220902,48000
融创金成江南府,余杭,2018/12/01,住宅,精装修,147,147,4室:147㎡,"多轨交汇,公交直达,成熟商圈,配套齐全",119.973597,30.249253,28000
滨江春盛大江名筑,钱塘新区,2018/01/06,别墅,毛坯,252,252,5室:252㎡,"配套齐全,购物方便,医疗配套,现房",120.501585,30.279749,15500
招商越秀公园1872,江干,2020/08/17,住宅,精装修,114,158,"3室:114-117㎡,4室:137-158㎡","地铁沿线,公交直达,配套齐全,购物方便",120.24984,30.305866,42310
中海钱江湾,江干,2018/03/01,住宅,精装修,138,138,3室:138㎡,"配套齐全,购物方便,医疗配套,品牌房企",120.241477,30.276214,47000
佳源湘湖印象,萧山,2019/12/23,别墅,毛坯,202,202,6室:202㎡,"近主干道,购物方便,超市,医疗配套",120.240943,30.125765,32064
保亿绿城奥邸国际,萧山,2018/07/15,商业类,毛坯,149,222,"3室:149㎡,4室:222㎡","地铁沿线,多轨交汇,成熟商圈,配套齐全",120.242986,30.239886,45000
中赢云际,滨江,2018/04/22,商业类,精装修,50,57,"2室:57㎡,3室:50㎡","地铁沿线,成熟商圈,配套齐全,医疗配套",120.210354,30.200268,46000
迪凯城星国际,江干,2017/04/20,写字楼,毛坯,0,0,,"成熟商圈,配套齐全,医疗配套,现房",120.212876,30.247592,47000
都会艺境,萧山,2018/07/01,商业,毛坯,0,0,,"地铁沿线,配套齐全,购物方便,医疗配套",120.238634,30.174444,30000
都会艺境,萧山,2018/07/01,商业类,毛坯,0,0,,"地铁沿线,配套齐全,购物方便,医疗配套",120.238634,30.174444,33500
保亿中心,萧山,2014/06/01,写字楼,精装修,0,0,,"地铁沿线,公交直达,配套齐全,购物方便",120.251838,30.245236,30000
佳源湘湖印象,萧山,2021/04/03,住宅,精装修,86,128,"3室:86㎡,4室:119-128㎡","近主干道,购物方便,超市,医疗配套",120.240943,30.125765,20000
融创微风之城,富阳,2019/06/26,住宅,毛坯,91,91,3室:91㎡,"公交直达,购物方便,娱乐丰富,医疗配套",120.049163,30.086632,11800
融创金成十锦台,临安,2019/05/01,住宅,精装修,125,138,4室:125-138㎡,"公交直达,近主干道,成熟商圈,配套齐全",119.722595,30.249515,20000
杭州中央车站广场,江干,2019/06/01,商业类,精装修,65,65,2室:65㎡,"多轨交汇,公交直达,配套齐全,购物方便",120.22304,30.299933,35000
苕溪壹号,临安,2018/09/03,住宅,毛坯,143,143,3室:143㎡,"成熟商圈,配套齐全,医疗配套,现房",119.726356,30.246234,21500
保利中心,江干,2018/04/01,写字楼,毛坯,0,0,,"地铁沿线,近主干道,配套齐全,购物方便",120.213346,30.282188,29000
旭辉东原吴越府,临安,2019/03/01,别墅,毛坯,165,186,"3室:165㎡,4室:186㎡","配套齐全,成熟商圈,医疗配套,品牌房企",119.716744,30.220044,16000
星南站,萧山,2019/08/15,商业类,毛坯,35,39,"0室:39.87㎡,2室:35㎡","地铁沿线,公交直达,配套齐全,购物方便",120.298046,30.151945,27500
居艺空间,钱塘新区,2018/03/17,商业,毛坯,0,0,,"地铁沿线,临近高速,配套齐全,购物方便",120.302735,30.322547,35000
大江东宝龙广场,钱塘新区,2018/03/01,别墅,毛坯,0,0,,"公交直达,购物方便,超市,医疗配套",120.500219,30.309134,15000
西溪永乐城,余杭,2016/04/23,商业类,精装修,40,55,"0室:40㎡,1室:55㎡","地铁沿线,成熟商圈,配套齐全,医疗配套",120.011668,30.280345,21000
运河公馆,拱墅,2018/03/01,商业,毛坯,0,0,,"地铁沿线,公交直达,配套齐全,购物方便",120.141427,30.334455,30000
绿城桃源小镇,余杭,2020/06/01,别墅,毛坯,208,236,"5室:227㎡,6室:208-236㎡","公交直达,购物方便,娱乐丰富,医疗配套",119.974505,30.24451,43000
绿城雄凯国际,萧山,2018/06/30,商业类,精装修,40,40,2室:40㎡,"多轨交汇,公交直达,成熟商圈,配套齐全",120.294298,30.169241,37000
新城璟隽公馆,萧山,2019/09/01,住宅,精装修,89,129,"3室:89㎡,4室:118-129㎡","临近高速,配套齐全,购物方便,医疗配套",120.294866,30.19836,32000
滨江江南名府,萧山,2018/09/28,住宅,精装修,90,115,"3室:90㎡,4室:115㎡","地铁沿线,公交直达,配套齐全,购物方便",120.291298,30.205104,31000
蒲公英天地,钱塘新区,2018/11/01,商业,毛坯,0,0,,"地铁沿线,近主干道,配套齐全,购物方便",120.381975,30.312606,26000
青枫墅园,余杭,2017/12/31,别墅,毛坯,459,459,8室:459㎡,"购物方便,娱乐丰富,医疗配套,品牌房企",119.991683,30.265373,33333
朝阳银座,萧山,2016/05/01,底商,毛坯,0,0,,"多轨交汇,成熟商圈,配套齐全,医疗配套",120.27421,30.132898,13000
融创微风之城,富阳,2019/10/01,别墅,毛坯,146,146,4室:146㎡,"公交直达,临近高速,购物方便,娱乐丰富",120.049163,30.086632,18000
奥克斯缔逸城,余杭,2018/01/19,底商,毛坯,0,0,,"地铁沿线,多轨交汇,成熟商圈,配套齐全",120.077387,30.356669,29500
绿城杨柳郡,江干,2019/10/01,住宅,精装修,107,107,3室:107㎡,"地铁沿线,配套齐全,购物方便,医疗配套",120.246358,30.308035,35377
绿城桃李春风,临安,2020/08/21,住宅,毛坯,81,118,"2室:81㎡,3室:99-115㎡,4室:118㎡","超市,亲子乐园,医疗配套,视频看房",119.800965,30.282052,28600
中栋国际,萧山,2018/07/15,写字楼,毛坯,0,0,,"地铁沿线,公交直达,配套齐全,购物方便",120.242229,30.201759,23000
宋都麓宸府,富阳,2019/04/01,住宅,精装修,125,172,4室:125-172㎡,"多轨交汇,公交直达,购物方便,美食云集",119.932727,30.014195,24200
糖朝,萧山,2018/07/25,商业类,精装修,32,62,"1室:41-46.2㎡,2室:32.28-62.67㎡","地铁沿线,多轨交汇,成熟商圈,配套齐全",120.276146,30.191418,35000
碧桂园玖晟府,临安,2020/05/01,住宅,毛坯,90,140,"3室:90㎡,4室:115-140㎡","购物方便,美食云集,医疗配套,品牌房企",119.70332,30.203731,17000
东方文化园步行街,萧山,2018/07/28,商业,毛坯,0,0,,"公交直达,近主干道,购物方便,娱乐丰富",120.199899,30.105828,40000
成龙官山邸,临安,2019/05/01,别墅,毛坯,278,395,"4室:278㎡,5室:306-364㎡,6室:395㎡","临近高速,配套齐全,购物方便,医疗配套",119.74599,30.230652,19016
杭钢尚堂府,拱墅,2015/01/25,底商,毛坯,0,0,,"近主干道,配套齐全,购物方便,医疗配套",120.156977,30.33952,28000
中骏柏景湾,临安,2019/09/01,住宅,毛坯,89,129,"3室:89-118㎡,4室:129㎡","公交直达,临近高速,配套齐全,购物方便",119.745396,30.236211,19777
振泽左右办公世界,萧山,2016/06/01,写字楼,毛坯,0,0,,"地铁沿线,多轨交汇,成熟商圈,配套齐全",120.260965,30.24311,32000
旭辉东原吴越府,临安,2021/01/15,住宅,毛坯,97,139,"3室:97㎡,4室:129-139㎡","配套齐全,购物方便,医疗配套,品牌房企",119.716744,30.220044,18500
大家金钰府,富阳,2018/12/29,住宅,精装修,93,119,"3室:93-95㎡,4室:115-119㎡","公交直达,近主干道,成熟商圈,配套齐全",119.930136,30.070172,19800
城中府,临安,2018/08/27,住宅,毛坯,93,136,"3室:93-117㎡,4室:136㎡","公交直达,近主干道,配套齐全,购物方便",119.698877,30.228091,16700
天阳蓝光蔚蓝,临安,2019/04/30,住宅,毛坯,124,129,4室:124-129㎡,"公交直达,成熟商圈,购物方便,医疗配套",119.834911,30.258151,18500
国能悦玺台,临安,2019/08/10,住宅,毛坯,89,139,"3室:89-111㎡,4室:120㎡,5室:132-139㎡","公交直达,开发区,购物方便,娱乐丰富",119.821827,30.253772,17536
绿城国际社区,临安,2019/04/12,住宅,毛坯,90,140,"3室:90㎡,4室:120-140㎡","公交直达,购物方便,超市,贴心物业",119.830766,30.275634,16500
群升星河印象中心,余杭,2020/05/01,商业类,精装修,34,55,"1室:34㎡,2室:55㎡","多轨交汇,临近高速,成熟商圈,购物方便",120.254764,30.471565,13000
千岛湖雨润星雨华府,淳安,2020/05/01,住宅,毛坯,82,115,3室:82-115㎡,"购物方便,美食云集,医疗配套,现房",119.114978,29.608986,13500
万科桂语东方,海宁市,2018/08/05,住宅,精装修,89,115,"3室:89㎡,4室:115㎡","公交直达,近主干道,成熟商圈,购物方便",120.348902,30.432345,20000
万科潮起东方,海宁市,2018/08/23,住宅,精装修,108,120,4室:108-120㎡,"公交直达,成熟商圈,购物方便,品牌房企",120.390406,30.353482,21500
金地玖峯汇,江干,2019/04/21,住宅,精装修,114,128,"3室:123㎡,4室:114-128㎡","地铁沿线,公交直达,配套齐全,购物方便",120.278009,30.327087,34028
金地玖峯汇,江干,2019/07/01,别墅,精装修,145,155,"4室:155㎡,5室:145-155㎡","地铁沿线,公交直达,配套齐全,购物方便",120.278009,30.327087,46000
保利融信和光尘樾,余杭,2020/07/22,住宅,精装修,89,116,"2室:89㎡,3室:92-116㎡,4室:106-113㎡","地铁沿线,公交直达,配套齐全,购物方便",120.048742,30.365423,25909
越秀湖山悦,临安,2019/06/07,住宅,毛坯,95,165,"3室:95㎡,4室:128-165㎡","临近高速,配套齐全,购物方便,医疗配套",119.746678,30.238949,18000
金科博翠碧蓝湾,江干,2020/06/01,住宅,精装修,110,138,"3室:110㎡,4室:138㎡","地铁沿线,配套齐全,购物方便,医疗配套",120.240101,30.300995,40400
德信杭州ONE,余杭,2018/06/03,商业类,精装修,80,80,2室:80㎡,"多轨交汇,临近高速,配套齐全,购物方便",120.135759,30.358088,26000
中梁申花百悦公馆,拱墅,2019/04/01,商业类,精装修,36,36,2室:36㎡,"地铁沿线,近主干道,成熟商圈,配套齐全",120.118742,30.325556,40000
融创江南壹号院,萧山,2020/12/01,住宅,精装修,103,233,"3室:103-108㎡,4室:126-169㎡,5室:233㎡","公交直达,开发区,购物方便,美食云集",120.35289,30.235612,28800
龙湖璟宸府,江干,2019/12/01,别墅,毛坯,166,174,4室:166-174㎡,"地铁沿线,临近高速,配套齐全,购物方便",120.238679,30.316595,49800
恒伟科技园,临安,2018/10/01,商业类,毛坯,40,40,2室:40㎡,"近主干道,购物方便,娱乐丰富,医疗配套",119.83387,30.272785,11950
龙湖璟宸府,江干,2019/05/01,住宅,精装修,139,139,4室:139㎡,"地铁沿线,临近高速,配套齐全,购物方便",120.238679,30.316595,45000
时代滨江翡翠之星,萧山,2019/01/22,住宅,精装修,89,89,3室:89㎡,"地铁沿线,公交直达,成熟商圈,配套齐全",120.242818,30.209344,39800
宝龙旭辉城,临安,2019/07/26,住宅,毛坯,95,142,"3室:95-103㎡,4室:125-142㎡","近主干道,购物方便,娱乐丰富,医疗配套",119.829531,30.263693,19781
天城府天著,江干,2019/07/24,住宅,毛坯,85,139,"3室:85-90㎡,4室:127-139㎡","地铁沿线,多轨交汇,成熟商圈,配套齐全",120.20279,30.304287,34800
碧桂园中梁凤鸣公馆,临安,2019/10/18,住宅,毛坯,118,138,4室:118-138㎡,"公交直达,近主干道,成熟商圈,配套齐全",119.70045,30.226378,17000
春天学府,临安,2019/06/15,住宅,毛坯,72,141,"2室:72㎡,3室:89-117㎡,4室:131㎡,5室:141㎡","近主干道,成熟商圈,配套齐全,医疗配套",119.702146,30.228067,18500
湖滨外滩,临安,2020/04/10,住宅,毛坯,85,132,"3室:85-89㎡,4室:112-132㎡","近主干道,成熟商圈,配套齐全,医疗配套",119.743621,30.237202,19592
杭佑名座,萧山,2019/04/30,商业类,精装修,50,50,2室:50㎡,"地铁沿线,近主干道,购物方便,娱乐丰富",120.256826,30.125346,28000
德信金茂佳源府,萧山,2020/06/06,住宅,精装修,89,147,"3室:89㎡,4室:120-147㎡","公交直达,购物方便,娱乐丰富,医疗配套",120.247899,30.133395,25200
滨江东方海岸(萧山),萧山,2019/05/01,商业类,毛坯,49,125,"2室:49.4-78.65㎡,3室:89.99㎡,4室:73.63-125.92㎡","公交直达,配套齐全,购物方便,医疗配套",120.18433,30.126369,18000
中海云宸,滨江,2019/08/18,住宅,精装修,139,139,4室:139㎡,"公交直达,成熟商圈,配套齐全,医疗配套",120.199638,30.187021,47000
都会风华,江干,2019/06/19,住宅,精装修,119,139,4室:119-139㎡,"多轨交汇,成熟商圈,配套齐全,医疗配套",120.226981,30.305437,45800
融信旭辉湘湖悦章,萧山,2020/09/27,住宅,精装修,96,139,"3室:96-108㎡,4室:108-139㎡","地铁沿线,公交直达,购物方便,娱乐丰富",120.256015,30.133488,25200
大家栖溪,临安,2018/12/27,住宅,毛坯,89,125,3室:89-125㎡,"近主干道,成熟商圈,配套齐全,医疗配套",119.736567,30.250562,16300
旭辉中粮朗香郡,临安,2020/07/21,住宅,毛坯,98,143,"3室:98㎡,4室:121-143㎡","公交直达,成熟商圈,购物方便,医疗配套",119.829805,30.256148,19308
新希望滨江锦粼府,萧山,2019/12/21,住宅,毛坯,89,118,"3室:89-102㎡,4室:114-118㎡","地铁沿线,公交直达,配套齐全,购物方便",120.293683,30.199143,29000
融信旭辉湘湖悦章,萧山,2020/03/28,别墅,毛坯,159,162,4室:159-162㎡,"地铁沿线,公交直达,购物方便,娱乐丰富",120.256015,30.133488,33500
九龙仓雍景山,富阳,2020/07/01,住宅,毛坯,95,127,"3室:95-115㎡,4室:127㎡","多轨交汇,开发区,购物方便,亲子乐园",119.982073,30.168408,13200
融创金成十锦台,临安,2019/01/01,别墅,毛坯,147,173,4室:147-173㎡,"公交直达,近主干道,成熟商圈,配套齐全",119.722595,30.249515,24866
宋都相贤府,钱塘新区,2018/11/01,住宅,,0,0,,,120.488899,30.263037,13200
保亿湘湖和院,萧山,2020/11/01,别墅,毛坯,220,253,4室:220-253㎡,"旅游地产,水系园林,湖景",120.217088,30.118765,50600
龙湖春江天越,钱塘新区,2019/10/01,住宅,精装修,139,167,"4室:139㎡,5室:167㎡","地铁沿线,公交直达,配套齐全,购物方便",120.391318,30.332319,27205
风荷锦庭,萧山,2019/11/02,住宅,精装修,95,125,"3室:95-108㎡,4室:125㎡","公交直达,购物方便,娱乐丰富,医疗配套",120.2174,30.076617,20300
绿城云栖桃花源,富阳,2019/09/01,住宅,毛坯,135,135,4室:135㎡,"公交直达,临近高速,购物方便,超市",119.92119,30.127552,15000
恒伟科技园,临安,2018/12/01,住宅,毛坯,40,112,"1室:40㎡,2室:72㎡,3室:88-112㎡","近主干道,购物方便,娱乐丰富,医疗配套",119.83387,30.272785,15300
风荷锦庭,萧山,2019/11/01,别墅,毛坯,137,137,4室:137㎡,"公交直达,购物方便,娱乐丰富,医疗配套",120.2174,30.076617,23400
绿城和庐,余杭,2019/07/01,别墅,精装修,200,230,4室:200-230㎡,"地铁沿线,公交直达,配套齐全,购物方便",120.004682,30.212315,55200
绿地华家池印,江干,2018/11/01,别墅,毛坯,340,340,6室:340㎡,"地铁沿线,多轨交汇,配套齐全,购物方便",120.203733,30.279915,70823
恒大林溪郡,建德,2020/04/01,别墅,毛坯,140,175,3室:140-175㎡,"近主干道,购物方便,娱乐丰富,医疗配套",119.300106,29.463171,13000
万科君望,富阳,2019/12/01,住宅,毛坯,108,139,"3室:108㎡,4室:139㎡","公交直达,近主干道,购物方便,美食云集",120.004449,30.078641,16800
雅棠轩,萧山,2020/05/10,住宅,毛坯,129,139,4室:129-139㎡,"近主干道,成熟商圈,配套齐全,医疗配套",120.290571,30.19943,30000
东哲云邸,余杭,2018/07/21,商业类,精装修,36,36,2室:36㎡,,120.129773,30.343463,29000
蓝城春风燕语,临安,2020/03/25,别墅,毛坯,146,200,"3室:150㎡,4室:146-200㎡","近主干道,购物方便,娱乐丰富,视频看房",119.820994,30.280948,22874
万科西望,临安,2019/09/03,住宅,精装修,102,139,"3室:102㎡,4室:128-139㎡","成熟商圈,配套齐全,医疗配套,品牌房企",119.726131,30.250196,20000
泰禾野风大城小院,富阳,2020/05/01,住宅,精装修,88,145,"3室:88-99㎡,4室:142-145㎡","公交直达,近主干道,成熟商圈,购物方便",119.971037,30.143501,15000
金茂首开国樾,拱墅,2020/09/17,住宅,精装修,118,150,"3室:118㎡,4室:128-150㎡","地铁沿线,近主干道,配套齐全,购物方便",120.169419,30.331885,48600
银城云谷天境,西湖,2019/04/20,别墅,精装修,131,167,4室:131-167㎡,"配套齐全,购物方便,医疗配套,儿童乐园",120.070706,30.349296,34749
湖滨外滩,临安,2019/11/02,别墅,毛坯,268,268,4室:268㎡,"近主干道,成熟商圈,配套齐全,医疗配套",119.743621,30.237202,21201
北城芳满庭,余杭,2020/05/01,住宅,精装修,89,139,"3室:89-108㎡,4室:125㎡,5室:139㎡","公交直达,配套齐全,购物方便,医疗配套",120.089276,30.442971,20000
北城芳满庭,余杭,2020/09/15,别墅,毛坯,139,240,5室:139-240㎡,"公交直达,配套齐全,购物方便,医疗配套",120.089276,30.442971,34000
随塘,余杭,2019/11/23,住宅,精装修,105,128,"3室:105㎡,4室:128㎡","开发区,临近高速,配套齐全,购物方便",120.190536,30.47295,22500
易辰江南大院,临安,2019/03/29,住宅,毛坯,125,125,4室:125㎡,"超市,现房,低密居所,天然氧吧",119.776769,30.27512,15000
随塘,余杭,2019/12/01,别墅,毛坯,125,155,"3室:125㎡,5室:155㎡","开发区,临近高速,配套齐全,购物方便",120.190536,30.47295,33000
城镇依山郡,临安,2019/01/01,住宅,毛坯,48,136,"1室:48㎡,2室:96㎡,3室:107-136㎡","近主干道,成熟商圈,配套齐全,医疗配套",119.722601,30.262181,14000
保利澄品,萧山,2020/05/30,住宅,精装修,127,198,4室:127-198㎡,"地铁沿线,近主干道,成熟商圈,配套齐全",120.260428,30.238357,47768
景瑞镜溪绿汀,余杭,2020/03/21,别墅,精装修,184,199,4室:184-199㎡,"多轨交汇,公交直达,购物方便,娱乐丰富",119.99754,30.271709,46500
滨江春盛大江名筑,钱塘新区,2018/12/01,住宅,毛坯,143,178,"4室:143-169㎡,5室:178㎡","临近高速,配套齐全,购物方便,医疗配套",120.501585,30.279749,14000
志成广场御江月,滨江,2018/10/31,商业类,精装修,42,85,"2室:42-60㎡,3室:85㎡","地铁沿线,公交直达,成熟商圈,配套齐全",120.151857,30.182089,30000
云悦湾,江干,2018/09/01,底商,毛坯,0,0,,"地铁沿线,公交直达,配套齐全,购物方便",120.24866,30.305985,52000
天阳云栖梅林,桐庐,2019/07/01,住宅,精装修,117,128,"3室:117㎡,4室:128㎡","多轨交汇,公交直达,配套齐全,购物方便",119.717216,29.802573,21500
天阳云栖梅林,桐庐,2019/09/01,别墅,毛坯,154,154,4室:154㎡,"多轨交汇,公交直达,配套齐全,购物方便",119.717216,29.802573,31000
华联钱塘公馆,江干,2017/06/01,商业类,精装修,0,0,,"公交直达,配套齐全,购物方便,医疗配套",120.226848,30.25517,90000
宋都如意溪湖,临安,2019/11/22,住宅,毛坯,89,130,"3室:89-117㎡,4室:130㎡","近主干道,成熟商圈,配套齐全,医疗配套",119.740541,30.241904,18000
越秀星悦城,临安,2020/03/01,别墅,毛坯,155,155,4室:155㎡,"公交直达,近主干道,购物方便,娱乐丰富",119.829833,30.270883,28681
中庆润泽院,富阳,2020/05/01,住宅,毛坯,0,0,,"近主干道,成熟商圈,配套齐全,三甲医院",119.929774,30.061283,16800
奥克斯金宸玖和府,萧山,2019/11/23,别墅,毛坯,165,179,6室:165-179㎡,"多轨交汇,近主干道,成熟商圈,购物方便",120.314262,30.182583,48700
绿都金科和宁文华府,拱墅,2020/05/01,住宅,精装修,105,139,"3室:105-115㎡,4室:129-139㎡","多轨交汇,公交直达,成熟商圈,配套齐全",120.10973,30.342633,40800
中旅名门府新境,萧山,2020/01/01,住宅,精装修,96,177,"3室:96㎡,4室:127-147㎡,5室:177㎡","地铁沿线,多轨交汇,配套齐全,购物方便",120.284976,30.199569,34200
世茂璀璨澜宸,余杭,2019/12/25,住宅,精装修,97,126,"3室:97-109㎡,4室:126㎡","近主干道,配套齐全,购物方便,医疗配套",120.136464,30.354815,29000
融创东麟府,萧山,2019/04/01,底商,毛坯,0,0,,"公交直达,近主干道,配套齐全,购物方便",120.465693,30.197229,25000
云潮府,萧山,2019/08/29,住宅,精装修,122,144,"3室:122-129㎡,4室:142-144㎡","近主干道,购物方便,美食云集,医疗配套",120.352012,30.235624,33000
阳光城山水悦江府,富阳,2020/03/01,住宅,精装修,96,144,"3室:96㎡,4室:118-144㎡","近主干道,购物方便,娱乐丰富,医疗配套",119.935652,30.022875,22000
保亿麓语湖苑,临安,2020/05/17,住宅,毛坯,85,127,"3室:85-96㎡,4室:117-127㎡","公交直达,开发区,购物方便,娱乐丰富",119.823553,30.250559,18962
龙湖武林上城,江干,2019/09/08,住宅,精装修,89,139,"3室:89-100㎡,4室:125-139㎡","公交直达,配套齐全,购物方便,医疗配套",120.223813,30.35667,30200
凤起钱潮,江干,2020/05/01,住宅,精装修,137,175,4室:137-175㎡,"地铁沿线,公交直达,配套齐全,购物方便",120.221135,30.271137,72000
绿地亚洲公园,临安,2020/06/06,住宅,毛坯,89,108,3室:89-108㎡,"品牌房企,VR看房,低密居所,人车分流",119.788056,30.268441,18200
德信时代公馆,钱塘新区,2019/12/01,别墅,毛坯,160,180,4室:160-180㎡,"开发区,近主干道,购物方便,娱乐丰富",120.441769,30.276954,26200
世宸名府,萧山,2020/04/29,住宅,精装修,89,137,"3室:89-110㎡,4室:137㎡","多轨交汇,近主干道,成熟商圈,配套齐全",120.307382,30.184205,29700
德信时代公馆,钱塘新区,2019/12/17,住宅,精装修,96,105,3室:96-105㎡,"近主干道,购物方便,娱乐丰富,医疗配套",120.441769,30.276954,21200
龙湖葛洲坝景粼天著,江干,2020/03/01,别墅,毛坯,180,200,4室:180-200㎡,"地铁沿线,公交直达,配套齐全,购物方便",120.222607,30.305618,58000
融信空港澜天,萧山,2020/09/29,住宅,精装修,102,116,3室:102-116㎡,"多轨交汇,近主干道,配套齐全,购物方便",120.483026,30.232054,22900
时代滨江悦,滨江,2020/04/05,住宅,毛坯,125,139,4室:125-139㎡,"地铁沿线,多轨交汇,成熟商圈,配套齐全",120.24113,30.190076,42000
杭房悦东方,钱塘新区,2021/02/05,住宅,毛坯,85,138,"3室:85-118㎡,4室:125-138㎡","公交直达,开发区,购物方便,超市",120.56507,30.32191,12600
杭房悦东方,钱塘新区,2020/12/05,别墅,毛坯,211,260,6室:211-260㎡,"公交直达,购物方便,超市,医疗配套",120.56507,30.32191,25200
御清城,余杭,2020/04/21,住宅,精装修,89,139,"3室:89㎡,4室:122-139㎡","多轨交汇,公交直达,成熟商圈,配套齐全",120.274908,30.424378,21800
御清城,余杭,2021/03/27,别墅,毛坯,0,0,,"公交直达,近主干道,成熟商圈,配套齐全",120.274908,30.424378,24800
众安绿城南湖明月,余杭,2021/02/28,别墅,毛坯,133,145,6室:133-145㎡,"购物方便,娱乐丰富,医疗配套,品牌房企",119.932403,30.280884,48400
仁恒滨江园,上城,2020/03/17,住宅,精装修,170,250,4室:170-250㎡,"地铁沿线,公交直达,配套齐全,购物方便",120.192397,30.231859,70800
电建泷悦华府,江干,2020/12/11,住宅,毛坯,120,138,"3室:120㎡,4室:128-138㎡","近主干道,成熟商圈",120.227085,30.355727,30600
天阳融信东寰名邸,江干,2020/09/18,住宅,毛坯,98,129,"3室:98-116㎡,4室:127-129㎡","配套齐全,购物方便,医疗配套,现房",120.230343,30.356275,28000
绿城晓风印月,滨江,2020/04/01,住宅,精装修,0,0,,"地铁沿线,公交直达,成熟商圈,配套齐全",120.225991,30.206373,48100
翡翠城梧桐郡,余杭,2019/06/29,住宅,毛坯,93,143,3室:93-143㎡,"成熟商圈,配套齐全,医疗配套,品牌房企",120.022725,30.252599,22596
恒大御泉四季,建德,2018/12/01,别墅,毛坯,124,130,3室:124-130㎡,"低单价,临近高速,购物方便,医疗配套",119.227939,29.386634,10000
茂宸金座,江干,2017/11/01,别墅,,0,0,,"地铁沿线,配套齐全,购物方便,医疗配套",120.201425,30.279993,65000
龙湖葛洲坝景粼天著,江干,2020/04/01,住宅,精装修,124,139,4室:124-139㎡,"地铁沿线,公交直达,配套齐全,购物方便",120.222607,30.305618,46500
中铁诺德雅逸府,萧山,2020/08/09,住宅,毛坯,87,138,"3室:87-127㎡,4室:115-138㎡","公交直达,开发区,成熟商圈,购物方便",120.335685,30.200604,28800
新希望滨江锦宸,萧山,2019/08/25,底商,毛坯,0,0,,"地铁沿线,公交直达,成熟商圈,配套齐全",120.271766,30.211937,35000
华鸿中南壹号院,桐庐,2019/11/01,住宅,毛坯,98,129,"3室:98-110㎡,4室:120-129㎡","公交直达,近主干道,配套齐全,购物方便",119.710916,29.809629,18000
中建锦绣越府,余杭,2020/07/06,住宅,毛坯,100,155,3室:100-155㎡,"近主干道,成熟商圈,配套齐全,医疗配套",120.268416,30.395343,25200
碧桂园十里春风,桐庐,2020/08/01,别墅,毛坯,160,160,5室:160㎡,"多轨交汇,购物方便,娱乐丰富,医疗配套",119.72345,29.791779,30000
碧桂园十里春风,桐庐,2020/08/01,住宅,精装修,109,139,"3室:109㎡,4室:123-139㎡","近主干道,购物方便,娱乐丰富,医疗配套",119.72345,29.791779,19500
星光国际公馆,滨江,2019/06/01,商业类,毛坯,50,50,1室:50㎡,"公交直达,近主干道,成熟商圈,配套齐全",120.215406,30.213073,32000
苕溪学府,临安,2019/11/18,住宅,毛坯,41,47,"1室:41-47㎡,2室:41-47㎡","公交直达,近主干道,配套齐全,购物方便",119.70565,30.237848,21000
首创禧瑞江南,余杭,2020/07/14,别墅,毛坯,143,159,4室:143-159㎡,"地铁沿线,公交直达,配套齐全,购物方便",120.28508,30.394272,31900
九龙仓天玺,拱墅,2020/11/30,住宅,精装修,128,166,"3室:128㎡,4室:139-166㎡","地铁沿线,多轨交汇,成熟商圈,配套齐全",120.127406,30.30949,54011
中冶锦绣华府,下城,2021/01/25,住宅,精装修,129,169,4室:129-169㎡,"地铁沿线,多轨交汇,成熟商圈,配套齐全",120.178172,30.330791,47973
招商闻博花城,萧山,2020/09/03,住宅,精装修,108,150,"3室:108㎡,4室:130-150㎡","地铁沿线,多轨交汇,成熟商圈,配套齐全",120.249685,30.201019,38300
招商闻博花城,萧山,2020/10/01,别墅,毛坯,0,0,,"地铁沿线,公交直达,成熟商圈,配套齐全",120.249685,30.201019,45900
山水如画,富阳,2019/06/01,底商,毛坯,0,0,,"近主干道,成熟商圈,配套齐全,医疗配套",119.927395,30.061487,23000
城北万象城幸福里,余杭,2020/06/10,住宅,精装修,88,131,"3室:88-108㎡,4室:131㎡","多轨交汇,近主干道,配套齐全,购物方便",120.11732,30.357666,26500
东原德信九章赋,萧山,2020/11/23,住宅,精装修,98,138,"3室:98㎡,4室:124-138㎡","地铁沿线,公交直达,配套齐全,购物方便",120.270182,30.147444,28193
德信大江壹号,钱塘新区,2019/12/01,商业类,毛坯,40,53,2室:40-53㎡,"公交直达,购物方便,娱乐丰富,医疗配套",120.463177,30.308953,13500
星创新里程中心,余杭,2020/02/01,商业类,精装修,36,56,2室:36-56㎡,"成熟商圈,VR看房",119.962272,30.265452,28000
奥园华景川上锦宸府,余杭,2020/06/10,别墅,毛坯,123,166,"3室:123㎡,4室:166㎡","公交直达,近主干道,购物方便,娱乐丰富",120.229097,30.466235,35000
星央悦府,钱塘新区,2020/05/25,住宅,精装修,111,129,4室:111-129㎡,"多轨交汇,公交直达,购物方便,美食云集",120.497407,30.329176,17800
德信大家运河云庄,余杭,2020/04/21,别墅,精装修,175,175,4室:175㎡,"多轨交汇,临近高速,配套齐全,购物方便",120.137584,30.356185,52000
城南银泰城,萧山,2020/07/16,住宅,毛坯,96,139,"3室:96㎡,4室:126-139㎡","公交直达,购物方便,娱乐丰富,医疗配套",120.197831,30.023876,13600
杭州融创城,钱塘新区,2021/02/07,住宅,精装修,98,125,"3室:98-107㎡,4室:118-125㎡","公交直达,近主干道,成熟商圈,购物方便",120.497908,30.312793,19000
恒大国玺悦龙府,萧山,2020/06/01,住宅,精装修,172,273,4室:172-273㎡,"地铁沿线,公交直达,配套齐全,购物方便",120.274475,30.200354,38500
观棠明月,余杭,2020/12/16,住宅,精装修,95,185,"3室:95-101㎡,4室:123-185㎡","公交直达,配套齐全,购物方便,医疗配套",120.200894,30.473753,19700
观棠明月,余杭,2020/07/28,别墅,毛坯,172,185,4室:172-185㎡,"公交直达,配套齐全,购物方便,医疗配套",120.200894,30.473753,34400
中南棠玥湾,江干,2020/07/01,住宅,精装修,117,164,"3室:117㎡,4室:138-164㎡","地铁沿线,配套齐全,购物方便,医疗配套",120.244186,30.302118,43427
中交悦美庐,余杭,2020/09/16,住宅,毛坯,88,126,"3室:88-89㎡,4室:108-126㎡","公交直达,购物方便,娱乐丰富,医疗配套",120.285348,30.388452,23600
奥园华景川上锦宸府,余杭,2020/06/13,住宅,精装修,89,115,"3室:89㎡,4室:115㎡","公交直达,购物方便,娱乐丰富,医疗配套",120.229097,30.466235,19000
奥体朝龙汇,萧山,2019/11/01,商业类,精装修,460,520,5室:460-520㎡,"地铁沿线,配套齐全,购物方便,医疗配套",120.250288,30.24585,43000
山水如画,富阳,2019/11/01,住宅,,0,0,,"配套齐全,购物方便,医疗配套,大型社区",119.927395,30.061487,15700
融创臻源锦宁里,萧山,2020/03/28,别墅,毛坯,0,0,,"地铁沿线,公交直达,配套齐全,购物方便",120.271618,30.183572,58000
绿城春来晓园,江干,2020/12/13,住宅,精装修,140,160,4室:140-160㎡,"近主干道,配套齐全,成熟商圈,医疗配套",120.213866,30.313947,50000
阳光城西郊半岛,富阳,2020/06/01,别墅,毛坯,156,156,4室:156㎡,"近主干道,购物方便,美食云集,医疗配套",119.991071,30.064468,23600
德信时光之宸,萧山,2020/11/11,住宅,精装修,89,122,"3室:89-96㎡,4室:122㎡","公交直达,购物方便,娱乐丰富,医疗配套",120.196072,30.023446,16800
宝龙旭辉城,临安,2019/12/01,商业类,毛坯,42,95,"1室:63㎡,2室:42-45㎡,3室:95㎡","近主干道,购物方便,娱乐丰富,医疗配套",119.829531,30.263693,16000
蓝城芷园,富阳,2019/11/01,别墅,毛坯,145,210,4室:145-210㎡,"购物方便,娱乐丰富,医疗配套,品牌房企",120.000052,30.156034,34000
滨江东原拥翠府,萧山,2020/04/16,住宅,精装修,95,125,"3室:95㎡,4室:125㎡","公交直达,配套齐全,购物方便,医疗配套",120.24288,30.20794,37500
缦云府,临安,2020/11/07,别墅,毛坯,140,149,4室:140-149㎡,"公交直达,超市,视频看房,品牌房企",119.781932,30.267871,23600
越秀前滩名邸,江干,2020/01/01,住宅,毛坯,116,148,"3室:116-148㎡,4室:132-148㎡","地铁沿线,近主干道,配套齐全,购物方便",120.241501,30.298818,46600
花语天境府,江干,2020/11/01,住宅,精装修,111,149,"3室:111-118㎡,4室:149㎡","地铁沿线,成熟商圈,配套齐全,医疗配套",120.231761,30.302333,46000
滨江龙湖东潮府,江干,2020/08/01,住宅,精装修,97,300,"3室:97㎡,4室:119-130㎡,5室:300㎡","地铁沿线,公交直达,配套齐全,购物方便",120.23546,30.308226,46500
越秀悦映城,临安,2021/03/01,住宅,毛坯,89,115,"3室:89㎡,4室:115㎡","公交直达,近主干道,购物方便,娱乐丰富",119.699016,30.205621,18880
滨江龙湖东潮府,江干,2020/03/01,别墅,毛坯,210,220,"4室:210㎡,5室:220㎡","地铁沿线,公交直达,配套齐全,购物方便",120.23546,30.308226,63000
融望之城,萧山,2020/12/22,住宅,精装修,99,125,"3室:99-107㎡,4室:125㎡","公交直达,配套齐全,购物方便,医疗配套",120.2971,30.151841,25600
中天雅境,临安,2020/09/01,住宅,毛坯,89,89,3室:89㎡,"公交直达,购物方便,娱乐丰富,3D楼书",119.719375,30.247359,18300
古翠蓝庭,西湖,2020/11/14,住宅,精装修,116,178,"3室:116㎡,4室:120-138㎡,6室:178㎡","地铁沿线,公交直达,配套齐全,购物方便",120.12311,30.294491,56000
世茂钱塘天誉,江干,2020/11/26,别墅,精装修,160,185,4室:160-185㎡,"地铁沿线,多轨交汇,配套齐全,成熟商圈",120.217432,30.308323,61700
荣盛檀越府,临安,2020/11/11,住宅,毛坯,98,116,"3室:98-110㎡,4室:116㎡","购物方便,娱乐丰富,医疗配套,视频看房",119.82843,30.26105,22000
悦融湾,萧山,2020/12/07,住宅,毛坯,89,125,"3室:89-105㎡,4室:125㎡","购物方便,娱乐丰富,医疗配套,视频看房",120.557543,30.229346,13667
绿城天语山居,临安,2020/01/01,别墅,毛坯,0,0,,"公交直达,配套齐全,购物方便,医疗配套",119.71497,30.25435,16450
拥涛府,萧山,2020/07/25,住宅,精装修,96,138,"3室:96-99㎡,4室:117-138㎡","地铁沿线,公交直达,配套齐全,购物方便",120.275517,30.202519,37500
万固珺府,钱塘新区,2020/11/14,住宅,精装修,89,137,"3室:89-115㎡,4室:137㎡","公交直达,购物方便,娱乐丰富,医疗配套",120.545744,30.292814,18000
荣安招商祥宸府,拱墅,2021/01/26,住宅,精装修,90,169,"3室:90-91㎡,4室:129-136㎡,5室:169㎡","地铁沿线,公交直达,配套齐全,购物方便",120.103986,30.339177,36000
荣安招商祥宸府,拱墅,2021/01/26,别墅,毛坯,0,0,,"地铁沿线,公交直达,配套齐全,购物方便",120.103986,30.339177,40000
绿城春风金沙,钱塘新区,2021/04/27,住宅,精装修,106,165,"3室:106㎡,4室:127-165㎡","地铁沿线,公交直达,配套齐全,成熟商圈",120.331639,30.309554,37500
滨江新希望悦潮府,萧山,2020/08/18,住宅,精装修,97,119,"3室:97-99㎡,4室:119㎡","地铁沿线,多轨交汇,配套齐全,购物方便",120.286791,30.208533,33500
滨江御滨府,滨江,2021/01/17,住宅,精装修,101,139,"3室:101-115㎡,4室:125-139㎡","地铁沿线,公交直达,配套齐全,购物方便",120.230498,30.198809,49657
阳光城保亿翡丽云邸,余杭,2020/09/14,住宅,精装修,89,121,"3室:89-106㎡,4室:121㎡","地铁沿线,公交直达,成熟商圈,购物方便",120.289154,30.387874,27800
阳光城保亿翡丽云邸,余杭,2020/11/22,别墅,毛坯,139,139,4室:139㎡,"地铁沿线,公交直达,成熟商圈,购物方便",120.289154,30.387874,31900
华景川云流名邸,萧山,2020/09/05,住宅,毛坯,95,130,"3室:95-106㎡,4室:113-130㎡",小型社区,120.200409,29.980369,11020
宝龙融信新世邸,临安,2021/04/08,住宅,毛坯,89,120,"3室:89-97㎡,4室:120㎡","多轨交汇,早教机构,亲子乐园,三甲医院",119.717894,30.220021,17000
春月锦庐,下城,2020/12/26,住宅,精装修,110,150,"3室:110-114㎡,4室:129-150㎡","多轨交汇,成熟商圈,品牌房企,贴心物业",120.197019,30.306706,56900
德信阅杭,钱塘新区,2020/09/13,住宅,精装修,95,115,"3室:95-102㎡,4室:115㎡","品牌房企,车位充足,小型社区",120.443508,30.274695,20500
东原德信印奥湾,萧山,2020/04/27,住宅,精装修,99,99,3室:99㎡,"品牌房企,车位充足,小型社区",120.266992,30.14964,27800
滨江君品名邸,萧山,2021/02/08,住宅,精装修,103,172,"3室:103㎡,4室:122-139㎡,5室:172㎡","视频看房,品牌房企,绿化率高",120.255138,30.237459,47000
宋都济宸府,富阳,2020/12/26,住宅,毛坯,100,105,3室:100-105㎡,,119.983898,30.03505,16300
良语久园,余杭,2021/01/24,住宅,精装修,0,0,,"多轨交汇,品牌房企,水系园林,低密居所",119.980438,30.386322,24000
中天云望,萧山,2020/08/01,住宅,精装修,100,130,"3室:100㎡,4室:130㎡","近主干道,成熟商圈,菜市场,三甲医院",120.290568,30.174229,40100
滨耀城,余杭,2020/09/11,住宅,精装修,96,149,"3室:96㎡,4室:119-149㎡","近主干道,贴心物业,自持商业",120.306702,30.39381,27700
融创城,钱塘新区,2020/09/20,别墅,精装修,165,220,"4室:165-190㎡,5室:220㎡","公交直达,购物方便,娱乐丰富,医疗配套",120.497908,30.312793,29300
金地大运桥西府,拱墅,2020/11/17,住宅,精装修,99,139,"3室:99.28㎡,4室:130-139㎡","近主干道,品牌房企",120.136761,30.340711,43179
联发溪语宸庐,拱墅,2020/09/26,住宅,毛坯,115,139,"3室:115-139㎡,4室:127㎡","多轨交汇,品牌房企,现房,小型社区",120.175893,30.353707,30489
融创滨江御潮府,上城,2020/05/30,住宅,精装修,123,190,"3室:123㎡,4室:140-164㎡,5室:190㎡","视频看房,品牌房企,绿化率高",120.187535,30.242629,69800
中海望庐,下城,2020/12/19,住宅,精装修,115,139,"3室:115-117㎡,4室:139㎡","多轨交汇,近主干道,成熟商圈,早教机构",120.187087,30.302062,56900
径山园,余杭,2020/05/01,别墅,毛坯,0,0,,贴心物业,119.838093,30.407757,23000
北樾府,临安,2020/08/20,住宅,毛坯,68,73,"2室:68-73㎡,3室:68㎡,4室:72㎡","3D楼书,视频看房,低密居所,绿化率高",119.715881,30.246024,25000
龙湖融信天琅府,萧山,2020/12/07,住宅,精装修,98,125,"3室:98㎡,4室:125㎡","近主干道,成熟商圈,三甲医院,视频看房",120.292641,30.183431,30000
阳光城兴耀花漾里,钱塘新区,2020/09/24,住宅,精装修,96,116,"3室:96㎡,4室:116㎡","视频看房,品牌房企",120.505922,30.312557,19000
保亿阳光城丽光城,临安,2020/12/30,住宅,毛坯,89,108,"3室:89㎡,4室:108㎡","多轨交汇,开发区,成熟商圈,菜市场",119.828691,30.255345,23000
中天溪风雅韵,临安,2020/05/23,别墅,毛坯,0,0,,"贴心物业,小型社区",119.213292,30.171289,15400
普大福地,江干,2020/05/01,商业类,精装修,45,60,2室:45-60㎡,"多轨交汇,成熟商圈,视频看房,VR看房",120.256509,30.31883,32000
融信展望,萧山,2021/02/10,住宅,精装修,105,139,"3室:105-110㎡,4室:133-139㎡","开发区,成熟商圈,视频看房,品牌房企",120.278014,30.200393,37500
未来七彩小镇,余杭,2020/06/01,商业类,毛坯,59,59,3室:59㎡,"近主干道,临近高速,成熟商圈,亲子乐园",119.990404,30.237124,20000
融创滨江御潮府,上城,2020/05/30,别墅,毛坯,0,0,,"多轨交汇,品牌房企,融创",120.187535,30.242629,95700
保利潮起云上府,萧山,2020/12/12,住宅,精装修,97,121,3室:97-121㎡,"开发区,品牌房企,贴心物业,绿化率高",120.278549,30.204714,37500
中景华庭,余杭,2020/06/11,住宅,精装修,79,79,3室:79㎡,"VR看房,品牌房企,低密居所,即将交房",120.295074,30.357293,28700
融信荣望,萧山,2020/12/25,住宅,精装修,98,129,"3室:98-107㎡,4室:129㎡","品牌房企,绿化率高",120.345814,30.235751,28500
龙湖湘湖原著,萧山,2020/12/11,别墅,毛坯,169,185,5室:169-185㎡,品牌房企,120.261111,30.138782,50600
九城渔人码头,钱塘新区,2020/12/26,住宅,毛坯,83,120,"2室:83㎡,3室:87㎡,4室:89-120㎡","视频看房,花园洋房,低密居所,绿化率高",120.603317,30.29424,15100
众安溪园,余杭,2020/10/20,别墅,毛坯,137,189,"4室:137-157㎡,5室:189㎡","公交直达,近主干道,配套齐全,购物方便",120.014732,30.239835,53200
卓越明熙府,江干,2021/03/01,住宅,毛坯,89,140,"2室:89㎡,4室:120-140㎡","视频看房,VR看房,现房",120.252352,30.368061,28000
坤和融创开元望金沙,钱塘新区,2020/12/16,住宅,精装修,101,139,"3室:101-119㎡,4室:139㎡","视频看房,品牌房企,大型社区",120.326497,30.315775,37500
滨江嘉品,萧山,2020/09/27,住宅,精装修,120,182,"3室:120㎡,4室:139-154㎡,5室:182㎡","品牌房企,绿化率高,车位充足",120.245282,30.226553,47000
联发北秀观云,拱墅,2020/12/11,住宅,精装修,96,130,"3室:96-118㎡,4室:130㎡","多轨交汇,品牌房企",120.167511,30.356149,34000
未来旭辉城,临安,2020/12/24,住宅,毛坯,89,96,3室:89-96㎡,"品牌房企,贴心物业",119.831425,30.263358,23047
长麓府,临安,2020/12/11,住宅,毛坯,77,99,"2室:77-78㎡,3室:99㎡","成熟商圈,菜市场,3D楼书,视频看房",119.701006,30.228883,18550
兴耀星漫里,萧山,2020/12/14,住宅,精装修,96,118,"3室:96-97㎡,4室:118㎡","绿化率高,小型社区",120.244708,30.201112,37500
景瑞路劲海逸翠廷,余杭,2020/12/27,住宅,精装修,89,125,"3室:89-98㎡,4室:125㎡","视频看房,品牌房企,绿化率高",120.178603,30.389026,23000
绿城桂语映月,富阳,2020/11/29,住宅,精装修,89,120,"3室:89-103㎡,4室:120㎡",,119.983449,30.160529,20563
金科博翠碧蓝湾,江干,2020/12/09,别墅,毛坯,179,179,4室:179㎡,"地铁沿线,配套齐全,购物方便,医疗配套",120.240101,30.300995,47300
东湖尚府,余杭,2020/08/27,住宅,毛坯,184,184,4室:184㎡,贴心物业,120.305363,30.392672,25000
滨江翠语华庭,萧山,2020/12/14,住宅,精装修,106,125,"3室:106㎡,4室:125㎡","品牌房企,绿化率高,小型社区",120.245219,30.208323,37500
金地滨与城,萧山,2021/01/20,住宅,精装修,89,95,3室:89-95㎡,"品牌房企,低密居所",120.19603,30.026544,16100
滨江沁语晓庭,拱墅,2020/12/26,住宅,精装修,98,113,"3室:98-103㎡,4室:113㎡",品牌房企,120.171909,30.357747,34000
三盛大家·汝悦美境府,萧山,2021/04/24,住宅,精装修,98,108,3室:98-108㎡,"成熟商圈,亲子乐园,视频看房,品牌房企",120.289893,30.224437,33500
憬天国际名座,萧山,2018/04/29,商业类,精装修,46,46,1室:46㎡,"地铁沿线,公交直达,成熟商圈,配套齐全",120.291403,30.149166,16850
钱塘大观,滨江,2017/06/26,住宅,毛坯,0,0,,"地铁沿线,公交直达,配套齐全,购物方便",120.140112,30.189535,28000
新世纪建材装饰市场,萧山,2018/04/25,商业,毛坯,0,0,,"地铁沿线,公交直达,成熟商圈,配套齐全",120.293643,30.207994,23000
大江东宝龙广场,钱塘新区,2018/11/01,住宅,精装修,127,210,"3室:127㎡,4室:210㎡","公交直达,购物方便,超市,医疗配套",120.500219,30.309134,16200
东渡酩悦,江干,2018/09/28,商业类,精装修,51,51,3室:51㎡,"地铁沿线,多轨交汇,配套齐全,购物方便",120.225067,30.298826,40000
